"REF_DATE","GEO","DGUID","Prices","Estimates","UOM","UOM_ID","SCALAR_FACTOR","SCALAR_ID","VECTOR","COORDINATE","VALUE","STATUS","SYMBOL","TERMINATED","DECIMALS"
"1990","Canada","2016A000011124","Chained (2012) dollars","Gross domestic product at market prices","Dollars","81","millions","6","v62787277","1.1.38","1092141","","","","0"
"1991","Canada","2016A000011124","Chained (2012) dollars","Gross domestic product at market prices","Dollars","81","millions","6","v62787277","1.1.38","1069358","","","","0"
"1992","Canada","2016A000011124","Chained (2012) dollars","Gross domestic product at market prices","Dollars","81","millions","6","v62787277","1.1.38","1078985","","","","0"
"1993","Canada","2016A000011124","Chained (2012) dollars","Gross domestic product at market prices","Dollars","81","millions","6","v62787277","1.1.38","1107696","","","","0"
"1994","Canada","2016A000011124","Chained (2012) dollars","Gross domestic product at market prices","Dollars","81","millions","6","v62787277","1.1.38","1157481","","","","0"
"1995","Canada","2016A000011124","Chained (2012) dollars","Gross domestic product at market prices","Dollars","81","millions","6","v62787277","1.1.38","1188663","","","","0"
"1996","Canada","2016A000011124","Chained (2012) dollars","Gross domestic product at market prices","Dollars","81","millions","6","v62787277","1.1.38","1207909","","","","0"
"1997","Canada","2016A000011124","Chained (2012) dollars","Gross domestic product at market prices","Dollars","81","millions","6","v62787277","1.1.38","1259608","","","","0"
"1998","Canada","2016A000011124","Chained (2012) dollars","Gross domestic product at market prices","Dollars","81","millions","6","v62787277","1.1.38","1308685","","","","0"
"1999","Canada","2016A000011124","Chained (2012) dollars","Gross domestic product at market prices","Dollars","81","millions","6","v62787277","1.1.38","1376251","","","","0"
"2000","Canada","2016A000011124","Chained (2012) dollars","Gross domestic product at market prices","Dollars","81","millions","6","v62787277","1.1.38","1447508","","","","0"
"2001","Canada","2016A000011124","Chained (2012) dollars","Gross domestic product at market prices","Dollars","81","millions","6","v62787277","1.1.38","1473418","","","","0"
"2002","Canada","2016A000011124","Chained (2012) dollars","Gross domestic product at market prices","Dollars","81","millions","6","v62787277","1.1.38","1517887","","","","0"
"2003","Canada","2016A000011124","Chained (2012) dollars","Gross domestic product at market prices","Dollars","81","millions","6","v62787277","1.1.38","1545232","","","","0"
"2004","Canada","2016A000011124","Chained (2012) dollars","Gross domestic product at market prices","Dollars","81","millions","6","v62787277","1.1.38","1592933","","","","0"
"2005","Canada","2016A000011124","Chained (2012) dollars","Gross domestic product at market prices","Dollars","81","millions","6","v62787277","1.1.38","1643973","","","","0"
"2006","Canada","2016A000011124","Chained (2012) dollars","Gross domestic product at market prices","Dollars","81","millions","6","v62787277","1.1.38","1687281","","","","0"
"2007","Canada","2016A000011124","Chained (2012) dollars","Gross domestic product at market prices","Dollars","81","millions","6","v62787277","1.1.38","1722238","","","","0"
"2008","Canada","2016A000011124","Chained (2012) dollars","Gross domestic product at market prices","Dollars","81","millions","6","v62787277","1.1.38","1739534","","","","0"
"2009","Canada","2016A000011124","Chained (2012) dollars","Gross domestic product at market prices","Dollars","81","millions","6","v62787277","1.1.38","1688636","","","","0"
"2010","Canada","2016A000011124","Chained (2012) dollars","Gross domestic product at market prices","Dollars","81","millions","6","v62787277","1.1.38","1740814","","","","0"
"2011","Canada","2016A000011124","Chained (2012) dollars","Gross domestic product at market prices","Dollars","81","millions","6","v62787277","1.1.38","1795582","","","","0"
"2012","Canada","2016A000011124","Chained (2012) dollars","Gross domestic product at market prices","Dollars","81","millions","6","v62787277","1.1.38","1827201","","","","0"
"2013","Canada","2016A000011124","Chained (2012) dollars","Gross domestic product at market prices","Dollars","81","millions","6","v62787277","1.1.38","1869759","","","","0"
"2014","Canada","2016A000011124","Chained (2012) dollars","Gross domestic product at market prices","Dollars","81","millions","6","v62787277","1.1.38","1923422","","","","0"
"2015","Canada","2016A000011124","Chained (2012) dollars","Gross domestic product at market prices","Dollars","81","millions","6","v62787277","1.1.38","1936100","","","","0"
"2016","Canada","2016A000011124","Chained (2012) dollars","Gross domestic product at market prices","Dollars","81","millions","6","v62787277","1.1.38","1955488","","","","0"
"2017","Canada","2016A000011124","Chained (2012) dollars","Gross domestic product at market prices","Dollars","81","millions","6","v62787277","1.1.38","2014933","","","","0"
"2018","Canada","2016A000011124","Chained (2012) dollars","Gross domestic product at market prices","Dollars","81","millions","6","v62787277","1.1.38","2063887","","","","0"
"1990","Newfoundland and Labrador","2016A000210","Chained (2012) dollars","Gross domestic product at market prices","Dollars","81","millions","6","v62787378","2.1.38","19281","","","","0"
"1991","Newfoundland and Labrador","2016A000210","Chained (2012) dollars","Gross domestic product at market prices","Dollars","81","millions","6","v62787378","2.1.38","19372","","","","0"
"1992","Newfoundland and Labrador","2016A000210","Chained (2012) dollars","Gross domestic product at market prices","Dollars","81","millions","6","v62787378","2.1.38","18987","","","","0"
"1993","Newfoundland and Labrador","2016A000210","Chained (2012) dollars","Gross domestic product at market prices","Dollars","81","millions","6","v62787378","2.1.38","19257","","","","0"
"1994","Newfoundland and Labrador","2016A000210","Chained (2012) dollars","Gross domestic product at market prices","Dollars","81","millions","6","v62787378","2.1.38","20012","","","","0"
"1995","Newfoundland and Labrador","2016A000210","Chained (2012) dollars","Gross domestic product at market prices","Dollars","81","millions","6","v62787378","2.1.38","20656","","","","0"
"1996","Newfoundland and Labrador","2016A000210","Chained (2012) dollars","Gross domestic product at market prices","Dollars","81","millions","6","v62787378","2.1.38","19682","","","","0"
"1997","Newfoundland and Labrador","2016A000210","Chained (2012) dollars","Gross domestic product at market prices","Dollars","81","millions","6","v62787378","2.1.38","19908","","","","0"
"1998","Newfoundland and Labrador","2016A000210","Chained (2012) dollars","Gross domestic product at market prices","Dollars","81","millions","6","v62787378","2.1.38","20895","","","","0"
"1999","Newfoundland and Labrador","2016A000210","Chained (2012) dollars","Gross domestic product at market prices","Dollars","81","millions","6","v62787378","2.1.38","22144","","","","0"
"2000","Newfoundland and Labrador","2016A000210","Chained (2012) dollars","Gross domestic product at market prices","Dollars","81","millions","6","v62787378","2.1.38","23334","","","","0"
"2001","Newfoundland and Labrador","2016A000210","Chained (2012) dollars","Gross domestic product at market prices","Dollars","81","millions","6","v62787378","2.1.38","23894","","","","0"
"2002","Newfoundland and Labrador","2016A000210","Chained (2012) dollars","Gross domestic product at market prices","Dollars","81","millions","6","v62787378","2.1.38","27746","","","","0"
"2003","Newfoundland and Labrador","2016A000210","Chained (2012) dollars","Gross domestic product at market prices","Dollars","81","millions","6","v62787378","2.1.38","29562","","","","0"
"2004","Newfoundland and Labrador","2016A000210","Chained (2012) dollars","Gross domestic product at market prices","Dollars","81","millions","6","v62787378","2.1.38","29354","","","","0"
"2005","Newfoundland and Labrador","2016A000210","Chained (2012) dollars","Gross domestic product at market prices","Dollars","81","millions","6","v62787378","2.1.38","30187","","","","0"
"2006","Newfoundland and Labrador","2016A000210","Chained (2012) dollars","Gross domestic product at market prices","Dollars","81","millions","6","v62787378","2.1.38","31391","","","","0"
"2007","Newfoundland and Labrador","2016A000210","Chained (2012) dollars","Gross domestic product at market prices","Dollars","81","millions","6","v62787378","2.1.38","34929","","","","0"
"2008","Newfoundland and Labrador","2016A000210","Chained (2012) dollars","Gross domestic product at market prices","Dollars","81","millions","6","v62787378","2.1.38","34404","","","","0"
"2009","Newfoundland and Labrador","2016A000210","Chained (2012) dollars","Gross domestic product at market prices","Dollars","81","millions","6","v62787378","2.1.38","30954","","","","0"
"2010","Newfoundland and Labrador","2016A000210","Chained (2012) dollars","Gross domestic product at market prices","Dollars","81","millions","6","v62787378","2.1.38","32639","","","","0"
"2011","Newfoundland and Labrador","2016A000210","Chained (2012) dollars","Gross domestic product at market prices","Dollars","81","millions","6","v62787378","2.1.38","33531","","","","0"
"2012","Newfoundland and Labrador","2016A000210","Chained (2012) dollars","Gross domestic product at market prices","Dollars","81","millions","6","v62787378","2.1.38","32064","","","","0"
"2013","Newfoundland and Labrador","2016A000210","Chained (2012) dollars","Gross domestic product at market prices","Dollars","81","millions","6","v62787378","2.1.38","33748","","","","0"
"2014","Newfoundland and Labrador","2016A000210","Chained (2012) dollars","Gross domestic product at market prices","Dollars","81","millions","6","v62787378","2.1.38","33355","","","","0"
"2015","Newfoundland and Labrador","2016A000210","Chained (2012) dollars","Gross domestic product at market prices","Dollars","81","millions","6","v62787378","2.1.38","32965","","","","0"
"2016","Newfoundland and Labrador","2016A000210","Chained (2012) dollars","Gross domestic product at market prices","Dollars","81","millions","6","v62787378","2.1.38","33461","","","","0"
"2017","Newfoundland and Labrador","2016A000210","Chained (2012) dollars","Gross domestic product at market prices","Dollars","81","millions","6","v62787378","2.1.38","33953","","","","0"
"2018","Newfoundland and Labrador","2016A000210","Chained (2012) dollars","Gross domestic product at market prices","Dollars","81","millions","6","v62787378","2.1.38","32763","","","","0"
"1990","Prince Edward Island","2016A000211","Chained (2012) dollars","Gross domestic product at market prices","Dollars","81","millions","6","v62787495","3.1.38","3348","","","","0"
"1991","Prince Edward Island","2016A000211","Chained (2012) dollars","Gross domestic product at market prices","Dollars","81","millions","6","v62787495","3.1.38","3340","","","","0"
"1992","Prince Edward Island","2016A000211","Chained (2012) dollars","Gross domestic product at market prices","Dollars","81","millions","6","v62787495","3.1.38","3445","","","","0"
"1993","Prince Edward Island","2016A000211","Chained (2012) dollars","Gross domestic product at market prices","Dollars","81","millions","6","v62787495","3.1.38","3495","","","","0"
"1994","Prince Edward Island","2016A000211","Chained (2012) dollars","Gross domestic product at market prices","Dollars","81","millions","6","v62787495","3.1.38","3683","","","","0"
"1995","Prince Edward Island","2016A000211","Chained (2012) dollars","Gross domestic product at market prices","Dollars","81","millions","6","v62787495","3.1.38","3918","","","","0"
"1996","Prince Edward Island","2016A000211","Chained (2012) dollars","Gross domestic product at market prices","Dollars","81","millions","6","v62787495","3.1.38","4044","","","","0"
"1997","Prince Edward Island","2016A000211","Chained (2012) dollars","Gross domestic product at market prices","Dollars","81","millions","6","v62787495","3.1.38","4097","","","","0"
"1998","Prince Edward Island","2016A000211","Chained (2012) dollars","Gross domestic product at market prices","Dollars","81","millions","6","v62787495","3.1.38","4251","","","","0"
"1999","Prince Edward Island","2016A000211","Chained (2012) dollars","Gross domestic product at market prices","Dollars","81","millions","6","v62787495","3.1.38","4435","","","","0"
"2000","Prince Edward Island","2016A000211","Chained (2012) dollars","Gross domestic product at market prices","Dollars","81","millions","6","v62787495","3.1.38","4554","","","","0"
"2001","Prince Edward Island","2016A000211","Chained (2012) dollars","Gross domestic product at market prices","Dollars","81","millions","6","v62787495","3.1.38","4490","","","","0"
"2002","Prince Edward Island","2016A000211","Chained (2012) dollars","Gross domestic product at market prices","Dollars","81","millions","6","v62787495","3.1.38","4705","","","","0"
"2003","Prince Edward Island","2016A000211","Chained (2012) dollars","Gross domestic product at market prices","Dollars","81","millions","6","v62787495","3.1.38","4794","","","","0"
"2004","Prince Edward Island","2016A000211","Chained (2012) dollars","Gross domestic product at market prices","Dollars","81","millions","6","v62787495","3.1.38","4951","","","","0"
"2005","Prince Edward Island","2016A000211","Chained (2012) dollars","Gross domestic product at market prices","Dollars","81","millions","6","v62787495","3.1.38","5122","","","","0"
"2006","Prince Edward Island","2016A000211","Chained (2012) dollars","Gross domestic product at market prices","Dollars","81","millions","6","v62787495","3.1.38","5261","","","","0"
"2007","Prince Edward Island","2016A000211","Chained (2012) dollars","Gross domestic product at market prices","Dollars","81","millions","6","v62787495","3.1.38","5228","","","","0"
"2008","Prince Edward Island","2016A000211","Chained (2012) dollars","Gross domestic product at market prices","Dollars","81","millions","6","v62787495","3.1.38","5284","","","","0"
"2009","Prince Edward Island","2016A000211","Chained (2012) dollars","Gross domestic product at market prices","Dollars","81","millions","6","v62787495","3.1.38","5305","","","","0"
"2010","Prince Edward Island","2016A000211","Chained (2012) dollars","Gross domestic product at market prices","Dollars","81","millions","6","v62787495","3.1.38","5412","","","","0"
"2011","Prince Edward Island","2016A000211","Chained (2012) dollars","Gross domestic product at market prices","Dollars","81","millions","6","v62787495","3.1.38","5527","","","","0"
"2012","Prince Edward Island","2016A000211","Chained (2012) dollars","Gross domestic product at market prices","Dollars","81","millions","6","v62787495","3.1.38","5586","","","","0"
"2013","Prince Edward Island","2016A000211","Chained (2012) dollars","Gross domestic product at market prices","Dollars","81","millions","6","v62787495","3.1.38","5684","","","","0"
"2014","Prince Edward Island","2016A000211","Chained (2012) dollars","Gross domestic product at market prices","Dollars","81","millions","6","v62787495","3.1.38","5690","","","","0"
"2015","Prince Edward Island","2016A000211","Chained (2012) dollars","Gross domestic product at market prices","Dollars","81","millions","6","v62787495","3.1.38","5770","","","","0"
"2016","Prince Edward Island","2016A000211","Chained (2012) dollars","Gross domestic product at market prices","Dollars","81","millions","6","v62787495","3.1.38","5894","","","","0"
"2017","Prince Edward Island","2016A000211","Chained (2012) dollars","Gross domestic product at market prices","Dollars","81","millions","6","v62787495","3.1.38","6170","","","","0"
"2018","Prince Edward Island","2016A000211","Chained (2012) dollars","Gross domestic product at market prices","Dollars","81","millions","6","v62787495","3.1.38","6324","","","","0"
"1990","Nova Scotia","2016A000212","Chained (2012) dollars","Gross domestic product at market prices","Dollars","81","millions","6","v62787612","4.1.38","26925","","","","0"
"1991","Nova Scotia","2016A000212","Chained (2012) dollars","Gross domestic product at market prices","Dollars","81","millions","6","v62787612","4.1.38","26591","","","","0"
"1992","Nova Scotia","2016A000212","Chained (2012) dollars","Gross domestic product at market prices","Dollars","81","millions","6","v62787612","4.1.38","26927","","","","0"
"1993","Nova Scotia","2016A000212","Chained (2012) dollars","Gross domestic product at market prices","Dollars","81","millions","6","v62787612","4.1.38","27073","","","","0"
"1994","Nova Scotia","2016A000212","Chained (2012) dollars","Gross domestic product at market prices","Dollars","81","millions","6","v62787612","4.1.38","27040","","","","0"
"1995","Nova Scotia","2016A000212","Chained (2012) dollars","Gross domestic product at market prices","Dollars","81","millions","6","v62787612","4.1.38","27365","","","","0"
"1996","Nova Scotia","2016A000212","Chained (2012) dollars","Gross domestic product at market prices","Dollars","81","millions","6","v62787612","4.1.38","27388","","","","0"
"1997","Nova Scotia","2016A000212","Chained (2012) dollars","Gross domestic product at market prices","Dollars","81","millions","6","v62787612","4.1.38","28496","","","","0"
"1998","Nova Scotia","2016A000212","Chained (2012) dollars","Gross domestic product at market prices","Dollars","81","millions","6","v62787612","4.1.38","29558","","","","0"
"1999","Nova Scotia","2016A000212","Chained (2012) dollars","Gross domestic product at market prices","Dollars","81","millions","6","v62787612","4.1.38","31116","","","","0"
"2000","Nova Scotia","2016A000212","Chained (2012) dollars","Gross domestic product at market prices","Dollars","81","millions","6","v62787612","4.1.38","32041","","","","0"
"2001","Nova Scotia","2016A000212","Chained (2012) dollars","Gross domestic product at market prices","Dollars","81","millions","6","v62787612","4.1.38","33008","","","","0"
"2002","Nova Scotia","2016A000212","Chained (2012) dollars","Gross domestic product at market prices","Dollars","81","millions","6","v62787612","4.1.38","34432","","","","0"
"2003","Nova Scotia","2016A000212","Chained (2012) dollars","Gross domestic product at market prices","Dollars","81","millions","6","v62787612","4.1.38","34803","","","","0"
"2004","Nova Scotia","2016A000212","Chained (2012) dollars","Gross domestic product at market prices","Dollars","81","millions","6","v62787612","4.1.38","35071","","","","0"
"2005","Nova Scotia","2016A000212","Chained (2012) dollars","Gross domestic product at market prices","Dollars","81","millions","6","v62787612","4.1.38","35469","","","","0"
"2006","Nova Scotia","2016A000212","Chained (2012) dollars","Gross domestic product at market prices","Dollars","81","millions","6","v62787612","4.1.38","35741","","","","0"
"2007","Nova Scotia","2016A000212","Chained (2012) dollars","Gross domestic product at market prices","Dollars","81","millions","6","v62787612","4.1.38","36199","","","","0"
"2008","Nova Scotia","2016A000212","Chained (2012) dollars","Gross domestic product at market prices","Dollars","81","millions","6","v62787612","4.1.38","36915","","","","0"
"2009","Nova Scotia","2016A000212","Chained (2012) dollars","Gross domestic product at market prices","Dollars","81","millions","6","v62787612","4.1.38","37047","","","","0"
"2010","Nova Scotia","2016A000212","Chained (2012) dollars","Gross domestic product at market prices","Dollars","81","millions","6","v62787612","4.1.38","38052","","","","0"
"2011","Nova Scotia","2016A000212","Chained (2012) dollars","Gross domestic product at market prices","Dollars","81","millions","6","v62787612","4.1.38","38303","","","","0"
"2012","Nova Scotia","2016A000212","Chained (2012) dollars","Gross domestic product at market prices","Dollars","81","millions","6","v62787612","4.1.38","37933","","","","0"
"2013","Nova Scotia","2016A000212","Chained (2012) dollars","Gross domestic product at market prices","Dollars","81","millions","6","v62787612","4.1.38","37806","","","","0"
"2014","Nova Scotia","2016A000212","Chained (2012) dollars","Gross domestic product at market prices","Dollars","81","millions","6","v62787612","4.1.38","38173","","","","0"
"2015","Nova Scotia","2016A000212","Chained (2012) dollars","Gross domestic product at market prices","Dollars","81","millions","6","v62787612","4.1.38","38429","","","","0"
"2016","Nova Scotia","2016A000212","Chained (2012) dollars","Gross domestic product at market prices","Dollars","81","millions","6","v62787612","4.1.38","39038","","","","0"
"2017","Nova Scotia","2016A000212","Chained (2012) dollars","Gross domestic product at market prices","Dollars","81","millions","6","v62787612","4.1.38","39757","","","","0"
"2018","Nova Scotia","2016A000212","Chained (2012) dollars","Gross domestic product at market prices","Dollars","81","millions","6","v62787612","4.1.38","40496","","","","0"
"1990","New Brunswick","2016A000213","Chained (2012) dollars","Gross domestic product at market prices","Dollars","81","millions","6","v62787729","5.1.38","21610","","","","0"
"1991","New Brunswick","2016A000213","Chained (2012) dollars","Gross domestic product at market prices","Dollars","81","millions","6","v62787729","5.1.38","21546","","","","0"
"1992","New Brunswick","2016A000213","Chained (2012) dollars","Gross domestic product at market prices","Dollars","81","millions","6","v62787729","5.1.38","21842","","","","0"
"1993","New Brunswick","2016A000213","Chained (2012) dollars","Gross domestic product at market prices","Dollars","81","millions","6","v62787729","5.1.38","22523","","","","0"
"1994","New Brunswick","2016A000213","Chained (2012) dollars","Gross domestic product at market prices","Dollars","81","millions","6","v62787729","5.1.38","22983","","","","0"
"1995","New Brunswick","2016A000213","Chained (2012) dollars","Gross domestic product at market prices","Dollars","81","millions","6","v62787729","5.1.38","23762","","","","0"
"1996","New Brunswick","2016A000213","Chained (2012) dollars","Gross domestic product at market prices","Dollars","81","millions","6","v62787729","5.1.38","24010","","","","0"
"1997","New Brunswick","2016A000213","Chained (2012) dollars","Gross domestic product at market prices","Dollars","81","millions","6","v62787729","5.1.38","24232","","","","0"
"1998","New Brunswick","2016A000213","Chained (2012) dollars","Gross domestic product at market prices","Dollars","81","millions","6","v62787729","5.1.38","25060","","","","0"
"1999","New Brunswick","2016A000213","Chained (2012) dollars","Gross domestic product at market prices","Dollars","81","millions","6","v62787729","5.1.38","26629","","","","0"
"2000","New Brunswick","2016A000213","Chained (2012) dollars","Gross domestic product at market prices","Dollars","81","millions","6","v62787729","5.1.38","27184","","","","0"
"2001","New Brunswick","2016A000213","Chained (2012) dollars","Gross domestic product at market prices","Dollars","81","millions","6","v62787729","5.1.38","27683","","","","0"
"2002","New Brunswick","2016A000213","Chained (2012) dollars","Gross domestic product at market prices","Dollars","81","millions","6","v62787729","5.1.38","28999","","","","0"
"2003","New Brunswick","2016A000213","Chained (2012) dollars","Gross domestic product at market prices","Dollars","81","millions","6","v62787729","5.1.38","29722","","","","0"
"2004","New Brunswick","2016A000213","Chained (2012) dollars","Gross domestic product at market prices","Dollars","81","millions","6","v62787729","5.1.38","30475","","","","0"
"2005","New Brunswick","2016A000213","Chained (2012) dollars","Gross domestic product at market prices","Dollars","81","millions","6","v62787729","5.1.38","30716","","","","0"
"2006","New Brunswick","2016A000213","Chained (2012) dollars","Gross domestic product at market prices","Dollars","81","millions","6","v62787729","5.1.38","31348","","","","0"
"2007","New Brunswick","2016A000213","Chained (2012) dollars","Gross domestic product at market prices","Dollars","81","millions","6","v62787729","5.1.38","31644","","","","0"
"2008","New Brunswick","2016A000213","Chained (2012) dollars","Gross domestic product at market prices","Dollars","81","millions","6","v62787729","5.1.38","31887","","","","0"
"2009","New Brunswick","2016A000213","Chained (2012) dollars","Gross domestic product at market prices","Dollars","81","millions","6","v62787729","5.1.38","31425","","","","0"
"2010","New Brunswick","2016A000213","Chained (2012) dollars","Gross domestic product at market prices","Dollars","81","millions","6","v62787729","5.1.38","32050","","","","0"
"2011","New Brunswick","2016A000213","Chained (2012) dollars","Gross domestic product at market prices","Dollars","81","millions","6","v62787729","5.1.38","32136","","","","0"
"2012","New Brunswick","2016A000213","Chained (2012) dollars","Gross domestic product at market prices","Dollars","81","millions","6","v62787729","5.1.38","31796","","","","0"
"2013","New Brunswick","2016A000213","Chained (2012) dollars","Gross domestic product at market prices","Dollars","81","millions","6","v62787729","5.1.38","31710","","","","0"
"2014","New Brunswick","2016A000213","Chained (2012) dollars","Gross domestic product at market prices","Dollars","81","millions","6","v62787729","5.1.38","31747","","","","0"
"2015","New Brunswick","2016A000213","Chained (2012) dollars","Gross domestic product at market prices","Dollars","81","millions","6","v62787729","5.1.38","31954","","","","0"
"2016","New Brunswick","2016A000213","Chained (2012) dollars","Gross domestic product at market prices","Dollars","81","millions","6","v62787729","5.1.38","32213","","","","0"
"2017","New Brunswick","2016A000213","Chained (2012) dollars","Gross domestic product at market prices","Dollars","81","millions","6","v62787729","5.1.38","33014","","","","0"
"2018","New Brunswick","2016A000213","Chained (2012) dollars","Gross domestic product at market prices","Dollars","81","millions","6","v62787729","5.1.38","33176","","","","0"
"1990","Quebec","2016A000224","Chained (2012) dollars","Gross domestic product at market prices","Dollars","81","millions","6","v62787846","6.1.38","230456","","","","0"
"1991","Quebec","2016A000224","Chained (2012) dollars","Gross domestic product at market prices","Dollars","81","millions","6","v62787846","6.1.38","224585","","","","0"
"1992","Quebec","2016A000224","Chained (2012) dollars","Gross domestic product at market prices","Dollars","81","millions","6","v62787846","6.1.38","225375","","","","0"
"1993","Quebec","2016A000224","Chained (2012) dollars","Gross domestic product at market prices","Dollars","81","millions","6","v62787846","6.1.38","230500","","","","0"
"1994","Quebec","2016A000224","Chained (2012) dollars","Gross domestic product at market prices","Dollars","81","millions","6","v62787846","6.1.38","241075","","","","0"
"1995","Quebec","2016A000224","Chained (2012) dollars","Gross domestic product at market prices","Dollars","81","millions","6","v62787846","6.1.38","246253","","","","0"
"1996","Quebec","2016A000224","Chained (2012) dollars","Gross domestic product at market prices","Dollars","81","millions","6","v62787846","6.1.38","249340","","","","0"
"1997","Quebec","2016A000224","Chained (2012) dollars","Gross domestic product at market prices","Dollars","81","millions","6","v62787846","6.1.38","256374","","","","0"
"1998","Quebec","2016A000224","Chained (2012) dollars","Gross domestic product at market prices","Dollars","81","millions","6","v62787846","6.1.38","264665","","","","0"
"1999","Quebec","2016A000224","Chained (2012) dollars","Gross domestic product at market prices","Dollars","81","millions","6","v62787846","6.1.38","280467","","","","0"
"2000","Quebec","2016A000224","Chained (2012) dollars","Gross domestic product at market prices","Dollars","81","millions","6","v62787846","6.1.38","292882","","","","0"
"2001","Quebec","2016A000224","Chained (2012) dollars","Gross domestic product at market prices","Dollars","81","millions","6","v62787846","6.1.38","297992","","","","0"
"2002","Quebec","2016A000224","Chained (2012) dollars","Gross domestic product at market prices","Dollars","81","millions","6","v62787846","6.1.38","306269","","","","0"
"2003","Quebec","2016A000224","Chained (2012) dollars","Gross domestic product at market prices","Dollars","81","millions","6","v62787846","6.1.38","309948","","","","0"
"2004","Quebec","2016A000224","Chained (2012) dollars","Gross domestic product at market prices","Dollars","81","millions","6","v62787846","6.1.38","317700","","","","0"
"2005","Quebec","2016A000224","Chained (2012) dollars","Gross domestic product at market prices","Dollars","81","millions","6","v62787846","6.1.38","322404","","","","0"
"2006","Quebec","2016A000224","Chained (2012) dollars","Gross domestic product at market prices","Dollars","81","millions","6","v62787846","6.1.38","326298","","","","0"
"2007","Quebec","2016A000224","Chained (2012) dollars","Gross domestic product at market prices","Dollars","81","millions","6","v62787846","6.1.38","334273","","","","0"
"2008","Quebec","2016A000224","Chained (2012) dollars","Gross domestic product at market prices","Dollars","81","millions","6","v62787846","6.1.38","340867","","","","0"
"2009","Quebec","2016A000224","Chained (2012) dollars","Gross domestic product at market prices","Dollars","81","millions","6","v62787846","6.1.38","338180","","","","0"
"2010","Quebec","2016A000224","Chained (2012) dollars","Gross domestic product at market prices","Dollars","81","millions","6","v62787846","6.1.38","344934","","","","0"
"2011","Quebec","2016A000224","Chained (2012) dollars","Gross domestic product at market prices","Dollars","81","millions","6","v62787846","6.1.38","351401","","","","0"
"2012","Quebec","2016A000224","Chained (2012) dollars","Gross domestic product at market prices","Dollars","81","millions","6","v62787846","6.1.38","355254","","","","0"
"2013","Quebec","2016A000224","Chained (2012) dollars","Gross domestic product at market prices","Dollars","81","millions","6","v62787846","6.1.38","359993","","","","0"
"2014","Quebec","2016A000224","Chained (2012) dollars","Gross domestic product at market prices","Dollars","81","millions","6","v62787846","6.1.38","365719","","","","0"
"2015","Quebec","2016A000224","Chained (2012) dollars","Gross domestic product at market prices","Dollars","81","millions","6","v62787846","6.1.38","368982","","","","0"
"2016","Quebec","2016A000224","Chained (2012) dollars","Gross domestic product at market prices","Dollars","81","millions","6","v62787846","6.1.38","374899","","","","0"
"2017","Quebec","2016A000224","Chained (2012) dollars","Gross domestic product at market prices","Dollars","81","millions","6","v62787846","6.1.38","385620","","","","0"
"2018","Quebec","2016A000224","Chained (2012) dollars","Gross domestic product at market prices","Dollars","81","millions","6","v62787846","6.1.38","396838","","","","0"
"1990","Ontario","2016A000235","Chained (2012) dollars","Gross domestic product at market prices","Dollars","81","millions","6","v62787963","7.1.38","414066","","","","0"
"1991","Ontario","2016A000235","Chained (2012) dollars","Gross domestic product at market prices","Dollars","81","millions","6","v62787963","7.1.38","400193","","","","0"
"1992","Ontario","2016A000235","Chained (2012) dollars","Gross domestic product at market prices","Dollars","81","millions","6","v62787963","7.1.38","405564","","","","0"
"1993","Ontario","2016A000235","Chained (2012) dollars","Gross domestic product at market prices","Dollars","81","millions","6","v62787963","7.1.38","411365","","","","0"
"1994","Ontario","2016A000235","Chained (2012) dollars","Gross domestic product at market prices","Dollars","81","millions","6","v62787963","7.1.38","433727","","","","0"
"1995","Ontario","2016A000235","Chained (2012) dollars","Gross domestic product at market prices","Dollars","81","millions","6","v62787963","7.1.38","447735","","","","0"
"1996","Ontario","2016A000235","Chained (2012) dollars","Gross domestic product at market prices","Dollars","81","millions","6","v62787963","7.1.38","455035","","","","0"
"1997","Ontario","2016A000235","Chained (2012) dollars","Gross domestic product at market prices","Dollars","81","millions","6","v62787963","7.1.38","477053","","","","0"
"1998","Ontario","2016A000235","Chained (2012) dollars","Gross domestic product at market prices","Dollars","81","millions","6","v62787963","7.1.38","498740","","","","0"
"1999","Ontario","2016A000235","Chained (2012) dollars","Gross domestic product at market prices","Dollars","81","millions","6","v62787963","7.1.38","533253","","","","0"
"2000","Ontario","2016A000235","Chained (2012) dollars","Gross domestic product at market prices","Dollars","81","millions","6","v62787963","7.1.38","567019","","","","0"
"2001","Ontario","2016A000235","Chained (2012) dollars","Gross domestic product at market prices","Dollars","81","millions","6","v62787963","7.1.38","577397","","","","0"
"2002","Ontario","2016A000235","Chained (2012) dollars","Gross domestic product at market prices","Dollars","81","millions","6","v62787963","7.1.38","597107","","","","0"
"2003","Ontario","2016A000235","Chained (2012) dollars","Gross domestic product at market prices","Dollars","81","millions","6","v62787963","7.1.38","603720","","","","0"
"2004","Ontario","2016A000235","Chained (2012) dollars","Gross domestic product at market prices","Dollars","81","millions","6","v62787963","7.1.38","620670","","","","0"
"2005","Ontario","2016A000235","Chained (2012) dollars","Gross domestic product at market prices","Dollars","81","millions","6","v62787963","7.1.38","640614","","","","0"
"2006","Ontario","2016A000235","Chained (2012) dollars","Gross domestic product at market prices","Dollars","81","millions","6","v62787963","7.1.38","652625","","","","0"
"2007","Ontario","2016A000235","Chained (2012) dollars","Gross domestic product at market prices","Dollars","81","millions","6","v62787963","7.1.38","657733","","","","0"
"2008","Ontario","2016A000235","Chained (2012) dollars","Gross domestic product at market prices","Dollars","81","millions","6","v62787963","7.1.38","657720","","","","0"
"2009","Ontario","2016A000235","Chained (2012) dollars","Gross domestic product at market prices","Dollars","81","millions","6","v62787963","7.1.38","637298","","","","0"
"2010","Ontario","2016A000235","Chained (2012) dollars","Gross domestic product at market prices","Dollars","81","millions","6","v62787963","7.1.38","656103","","","","0"
"2011","Ontario","2016A000235","Chained (2012) dollars","Gross domestic product at market prices","Dollars","81","millions","6","v62787963","7.1.38","671942","","","","0"
"2012","Ontario","2016A000235","Chained (2012) dollars","Gross domestic product at market prices","Dollars","81","millions","6","v62787963","7.1.38","680792","","","","0"
"2013","Ontario","2016A000235","Chained (2012) dollars","Gross domestic product at market prices","Dollars","81","millions","6","v62787963","7.1.38","690275","","","","0"
"2014","Ontario","2016A000235","Chained (2012) dollars","Gross domestic product at market prices","Dollars","81","millions","6","v62787963","7.1.38","707589","","","","0"
"2015","Ontario","2016A000235","Chained (2012) dollars","Gross domestic product at market prices","Dollars","81","millions","6","v62787963","7.1.38","724946","","","","0"
"2016","Ontario","2016A000235","Chained (2012) dollars","Gross domestic product at market prices","Dollars","81","millions","6","v62787963","7.1.38","740164","","","","0"
"2017","Ontario","2016A000235","Chained (2012) dollars","Gross domestic product at market prices","Dollars","81","millions","6","v62787963","7.1.38","761025","","","","0"
"2018","Ontario","2016A000235","Chained (2012) dollars","Gross domestic product at market prices","Dollars","81","millions","6","v62787963","7.1.38","782115","","","","0"
"1990","Manitoba","2016A000246","Chained (2012) dollars","Gross domestic product at market prices","Dollars","81","millions","6","v62788080","8.1.38","38284","","","","0"
"1991","Manitoba","2016A000246","Chained (2012) dollars","Gross domestic product at market prices","Dollars","81","millions","6","v62788080","8.1.38","37004","","","","0"
"1992","Manitoba","2016A000246","Chained (2012) dollars","Gross domestic product at market prices","Dollars","81","millions","6","v62788080","8.1.38","37272","","","","0"
"1993","Manitoba","2016A000246","Chained (2012) dollars","Gross domestic product at market prices","Dollars","81","millions","6","v62788080","8.1.38","37304","","","","0"
"1994","Manitoba","2016A000246","Chained (2012) dollars","Gross domestic product at market prices","Dollars","81","millions","6","v62788080","8.1.38","38774","","","","0"
"1995","Manitoba","2016A000246","Chained (2012) dollars","Gross domestic product at market prices","Dollars","81","millions","6","v62788080","8.1.38","38795","","","","0"
"1996","Manitoba","2016A000246","Chained (2012) dollars","Gross domestic product at market prices","Dollars","81","millions","6","v62788080","8.1.38","39800","","","","0"
"1997","Manitoba","2016A000246","Chained (2012) dollars","Gross domestic product at market prices","Dollars","81","millions","6","v62788080","8.1.38","41525","","","","0"
"1998","Manitoba","2016A000246","Chained (2012) dollars","Gross domestic product at market prices","Dollars","81","millions","6","v62788080","8.1.38","43381","","","","0"
"1999","Manitoba","2016A000246","Chained (2012) dollars","Gross domestic product at market prices","Dollars","81","millions","6","v62788080","8.1.38","43990","","","","0"
"2000","Manitoba","2016A000246","Chained (2012) dollars","Gross domestic product at market prices","Dollars","81","millions","6","v62788080","8.1.38","45856","","","","0"
"2001","Manitoba","2016A000246","Chained (2012) dollars","Gross domestic product at market prices","Dollars","81","millions","6","v62788080","8.1.38","46346","","","","0"
"2002","Manitoba","2016A000246","Chained (2012) dollars","Gross domestic product at market prices","Dollars","81","millions","6","v62788080","8.1.38","47142","","","","0"
"2003","Manitoba","2016A000246","Chained (2012) dollars","Gross domestic product at market prices","Dollars","81","millions","6","v62788080","8.1.38","47766","","","","0"
"2004","Manitoba","2016A000246","Chained (2012) dollars","Gross domestic product at market prices","Dollars","81","millions","6","v62788080","8.1.38","48948","","","","0"
"2005","Manitoba","2016A000246","Chained (2012) dollars","Gross domestic product at market prices","Dollars","81","millions","6","v62788080","8.1.38","50322","","","","0"
"2006","Manitoba","2016A000246","Chained (2012) dollars","Gross domestic product at market prices","Dollars","81","millions","6","v62788080","8.1.38","52166","","","","0"
"2007","Manitoba","2016A000246","Chained (2012) dollars","Gross domestic product at market prices","Dollars","81","millions","6","v62788080","8.1.38","53501","","","","0"
"2008","Manitoba","2016A000246","Chained (2012) dollars","Gross domestic product at market prices","Dollars","81","millions","6","v62788080","8.1.38","55454","","","","0"
"2009","Manitoba","2016A000246","Chained (2012) dollars","Gross domestic product at market prices","Dollars","81","millions","6","v62788080","8.1.38","55370","","","","0"
"2010","Manitoba","2016A000246","Chained (2012) dollars","Gross domestic product at market prices","Dollars","81","millions","6","v62788080","8.1.38","56727","","","","0"
"2011","Manitoba","2016A000246","Chained (2012) dollars","Gross domestic product at market prices","Dollars","81","millions","6","v62788080","8.1.38","58087","","","","0"
"2012","Manitoba","2016A000246","Chained (2012) dollars","Gross domestic product at market prices","Dollars","81","millions","6","v62788080","8.1.38","59846","","","","0"
"2013","Manitoba","2016A000246","Chained (2012) dollars","Gross domestic product at market prices","Dollars","81","millions","6","v62788080","8.1.38","61583","","","","0"
"2014","Manitoba","2016A000246","Chained (2012) dollars","Gross domestic product at market prices","Dollars","81","millions","6","v62788080","8.1.38","62853","","","","0"
"2015","Manitoba","2016A000246","Chained (2012) dollars","Gross domestic product at market prices","Dollars","81","millions","6","v62788080","8.1.38","63628","","","","0"
"2016","Manitoba","2016A000246","Chained (2012) dollars","Gross domestic product at market prices","Dollars","81","millions","6","v62788080","8.1.38","64549","","","","0"
"2017","Manitoba","2016A000246","Chained (2012) dollars","Gross domestic product at market prices","Dollars","81","millions","6","v62788080","8.1.38","66670","","","","0"
"2018","Manitoba","2016A000246","Chained (2012) dollars","Gross domestic product at market prices","Dollars","81","millions","6","v62788080","8.1.38","67670","","","","0"
"1990","Saskatchewan","2016A000247","Chained (2012) dollars","Gross domestic product at market prices","Dollars","81","millions","6","v62788197","9.1.38","49630","","","","0"
"1991","Saskatchewan","2016A000247","Chained (2012) dollars","Gross domestic product at market prices","Dollars","81","millions","6","v62788197","9.1.38","50010","","","","0"
"1992","Saskatchewan","2016A000247","Chained (2012) dollars","Gross domestic product at market prices","Dollars","81","millions","6","v62788197","9.1.38","47799","","","","0"
"1993","Saskatchewan","2016A000247","Chained (2012) dollars","Gross domestic product at market prices","Dollars","81","millions","6","v62788197","9.1.38","50849","","","","0"
"1994","Saskatchewan","2016A000247","Chained (2012) dollars","Gross domestic product at market prices","Dollars","81","millions","6","v62788197","9.1.38","52840","","","","0"
"1995","Saskatchewan","2016A000247","Chained (2012) dollars","Gross domestic product at market prices","Dollars","81","millions","6","v62788197","9.1.38","53426","","","","0"
"1996","Saskatchewan","2016A000247","Chained (2012) dollars","Gross domestic product at market prices","Dollars","81","millions","6","v62788197","9.1.38","55034","","","","0"
"1997","Saskatchewan","2016A000247","Chained (2012) dollars","Gross domestic product at market prices","Dollars","81","millions","6","v62788197","9.1.38","57399","","","","0"
"1998","Saskatchewan","2016A000247","Chained (2012) dollars","Gross domestic product at market prices","Dollars","81","millions","6","v62788197","9.1.38","59879","","","","0"
"1999","Saskatchewan","2016A000247","Chained (2012) dollars","Gross domestic product at market prices","Dollars","81","millions","6","v62788197","9.1.38","59943","","","","0"
"2000","Saskatchewan","2016A000247","Chained (2012) dollars","Gross domestic product at market prices","Dollars","81","millions","6","v62788197","9.1.38","61503","","","","0"
"2001","Saskatchewan","2016A000247","Chained (2012) dollars","Gross domestic product at market prices","Dollars","81","millions","6","v62788197","9.1.38","60993","","","","0"
"2002","Saskatchewan","2016A000247","Chained (2012) dollars","Gross domestic product at market prices","Dollars","81","millions","6","v62788197","9.1.38","60789","","","","0"
"2003","Saskatchewan","2016A000247","Chained (2012) dollars","Gross domestic product at market prices","Dollars","81","millions","6","v62788197","9.1.38","63564","","","","0"
"2004","Saskatchewan","2016A000247","Chained (2012) dollars","Gross domestic product at market prices","Dollars","81","millions","6","v62788197","9.1.38","66605","","","","0"
"2005","Saskatchewan","2016A000247","Chained (2012) dollars","Gross domestic product at market prices","Dollars","81","millions","6","v62788197","9.1.38","68360","","","","0"
"2006","Saskatchewan","2016A000247","Chained (2012) dollars","Gross domestic product at market prices","Dollars","81","millions","6","v62788197","9.1.38","67347","","","","0"
"2007","Saskatchewan","2016A000247","Chained (2012) dollars","Gross domestic product at market prices","Dollars","81","millions","6","v62788197","9.1.38","69855","","","","0"
"2008","Saskatchewan","2016A000247","Chained (2012) dollars","Gross domestic product at market prices","Dollars","81","millions","6","v62788197","9.1.38","73518","","","","0"
"2009","Saskatchewan","2016A000247","Chained (2012) dollars","Gross domestic product at market prices","Dollars","81","millions","6","v62788197","9.1.38","69597","","","","0"
"2010","Saskatchewan","2016A000247","Chained (2012) dollars","Gross domestic product at market prices","Dollars","81","millions","6","v62788197","9.1.38","72851","","","","0"
"2011","Saskatchewan","2016A000247","Chained (2012) dollars","Gross domestic product at market prices","Dollars","81","millions","6","v62788197","9.1.38","76697","","","","0"
"2012","Saskatchewan","2016A000247","Chained (2012) dollars","Gross domestic product at market prices","Dollars","81","millions","6","v62788197","9.1.38","78007","","","","0"
"2013","Saskatchewan","2016A000247","Chained (2012) dollars","Gross domestic product at market prices","Dollars","81","millions","6","v62788197","9.1.38","83111","","","","0"
"2014","Saskatchewan","2016A000247","Chained (2012) dollars","Gross domestic product at market prices","Dollars","81","millions","6","v62788197","9.1.38","84786","","","","0"
"2015","Saskatchewan","2016A000247","Chained (2012) dollars","Gross domestic product at market prices","Dollars","81","millions","6","v62788197","9.1.38","84072","","","","0"
"2016","Saskatchewan","2016A000247","Chained (2012) dollars","Gross domestic product at market prices","Dollars","81","millions","6","v62788197","9.1.38","84006","","","","0"
"2017","Saskatchewan","2016A000247","Chained (2012) dollars","Gross domestic product at market prices","Dollars","81","millions","6","v62788197","9.1.38","86180","","","","0"
"2018","Saskatchewan","2016A000247","Chained (2012) dollars","Gross domestic product at market prices","Dollars","81","millions","6","v62788197","9.1.38","87232","","","","0"
"1990","Alberta","2016A000248","Chained (2012) dollars","Gross domestic product at market prices","Dollars","81","millions","6","v62788314","10.1.38","149568","","","","0"
"1991","Alberta","2016A000248","Chained (2012) dollars","Gross domestic product at market prices","Dollars","81","millions","6","v62788314","10.1.38","150229","","","","0"
"1992","Alberta","2016A000248","Chained (2012) dollars","Gross domestic product at market prices","Dollars","81","millions","6","v62788314","10.1.38","151229","","","","0"
"1993","Alberta","2016A000248","Chained (2012) dollars","Gross domestic product at market prices","Dollars","81","millions","6","v62788314","10.1.38","162978","","","","0"
"1994","Alberta","2016A000248","Chained (2012) dollars","Gross domestic product at market prices","Dollars","81","millions","6","v62788314","10.1.38","172000","","","","0"
"1995","Alberta","2016A000248","Chained (2012) dollars","Gross domestic product at market prices","Dollars","81","millions","6","v62788314","10.1.38","177278","","","","0"
"1996","Alberta","2016A000248","Chained (2012) dollars","Gross domestic product at market prices","Dollars","81","millions","6","v62788314","10.1.38","181537","","","","0"
"1997","Alberta","2016A000248","Chained (2012) dollars","Gross domestic product at market prices","Dollars","81","millions","6","v62788314","10.1.38","193931","","","","0"
"1998","Alberta","2016A000248","Chained (2012) dollars","Gross domestic product at market prices","Dollars","81","millions","6","v62788314","10.1.38","203479","","","","0"
"1999","Alberta","2016A000248","Chained (2012) dollars","Gross domestic product at market prices","Dollars","81","millions","6","v62788314","10.1.38","206002","","","","0"
"2000","Alberta","2016A000248","Chained (2012) dollars","Gross domestic product at market prices","Dollars","81","millions","6","v62788314","10.1.38","218678","","","","0"
"2001","Alberta","2016A000248","Chained (2012) dollars","Gross domestic product at market prices","Dollars","81","millions","6","v62788314","10.1.38","222271","","","","0"
"2002","Alberta","2016A000248","Chained (2012) dollars","Gross domestic product at market prices","Dollars","81","millions","6","v62788314","10.1.38","227363","","","","0"
"2003","Alberta","2016A000248","Chained (2012) dollars","Gross domestic product at market prices","Dollars","81","millions","6","v62788314","10.1.38","235234","","","","0"
"2004","Alberta","2016A000248","Chained (2012) dollars","Gross domestic product at market prices","Dollars","81","millions","6","v62788314","10.1.38","248322","","","","0"
"2005","Alberta","2016A000248","Chained (2012) dollars","Gross domestic product at market prices","Dollars","81","millions","6","v62788314","10.1.38","259282","","","","0"
"2006","Alberta","2016A000248","Chained (2012) dollars","Gross domestic product at market prices","Dollars","81","millions","6","v62788314","10.1.38","275756","","","","0"
"2007","Alberta","2016A000248","Chained (2012) dollars","Gross domestic product at market prices","Dollars","81","millions","6","v62788314","10.1.38","280600","","","","0"
"2008","Alberta","2016A000248","Chained (2012) dollars","Gross domestic product at market prices","Dollars","81","millions","6","v62788314","10.1.38","285125","","","","0"
"2009","Alberta","2016A000248","Chained (2012) dollars","Gross domestic product at market prices","Dollars","81","millions","6","v62788314","10.1.38","269322","","","","0"
"2010","Alberta","2016A000248","Chained (2012) dollars","Gross domestic product at market prices","Dollars","81","millions","6","v62788314","10.1.38","282702","","","","0"
"2011","Alberta","2016A000248","Chained (2012) dollars","Gross domestic product at market prices","Dollars","81","millions","6","v62788314","10.1.38","300948","","","","0"
"2012","Alberta","2016A000248","Chained (2012) dollars","Gross domestic product at market prices","Dollars","81","millions","6","v62788314","10.1.38","312708","","","","0"
"2013","Alberta","2016A000248","Chained (2012) dollars","Gross domestic product at market prices","Dollars","81","millions","6","v62788314","10.1.38","330548","","","","0"
"2014","Alberta","2016A000248","Chained (2012) dollars","Gross domestic product at market prices","Dollars","81","millions","6","v62788314","10.1.38","350033","","","","0"
"2015","Alberta","2016A000248","Chained (2012) dollars","Gross domestic product at market prices","Dollars","81","millions","6","v62788314","10.1.38","337069","","","","0"
"2016","Alberta","2016A000248","Chained (2012) dollars","Gross domestic product at market prices","Dollars","81","millions","6","v62788314","10.1.38","325421","","","","0"
"2017","Alberta","2016A000248","Chained (2012) dollars","Gross domestic product at market prices","Dollars","81","millions","6","v62788314","10.1.38","340062","","","","0"
"2018","Alberta","2016A000248","Chained (2012) dollars","Gross domestic product at market prices","Dollars","81","millions","6","v62788314","10.1.38","346611","","","","0"
"1990","British Columbia","2016A000259","Chained (2012) dollars","Gross domestic product at market prices","Dollars","81","millions","6","v62788431","11.1.38","126129","","","","0"
"1991","British Columbia","2016A000259","Chained (2012) dollars","Gross domestic product at market prices","Dollars","81","millions","6","v62788431","11.1.38","126535","","","","0"
"1992","British Columbia","2016A000259","Chained (2012) dollars","Gross domestic product at market prices","Dollars","81","millions","6","v62788431","11.1.38","130049","","","","0"
"1993","British Columbia","2016A000259","Chained (2012) dollars","Gross domestic product at market prices","Dollars","81","millions","6","v62788431","11.1.38","136155","","","","0"
"1994","British Columbia","2016A000259","Chained (2012) dollars","Gross domestic product at market prices","Dollars","81","millions","6","v62788431","11.1.38","139733","","","","0"
"1995","British Columbia","2016A000259","Chained (2012) dollars","Gross domestic product at market prices","Dollars","81","millions","6","v62788431","11.1.38","143402","","","","0"
"1996","British Columbia","2016A000259","Chained (2012) dollars","Gross domestic product at market prices","Dollars","81","millions","6","v62788431","11.1.38","147052","","","","0"
"1997","British Columbia","2016A000259","Chained (2012) dollars","Gross domestic product at market prices","Dollars","81","millions","6","v62788431","11.1.38","151968","","","","0"
"1998","British Columbia","2016A000259","Chained (2012) dollars","Gross domestic product at market prices","Dollars","81","millions","6","v62788431","11.1.38","153811","","","","0"
"1999","British Columbia","2016A000259","Chained (2012) dollars","Gross domestic product at market prices","Dollars","81","millions","6","v62788431","11.1.38","159162","","","","0"
"2000","British Columbia","2016A000259","Chained (2012) dollars","Gross domestic product at market prices","Dollars","81","millions","6","v62788431","11.1.38","166405","","","","0"
"2001","British Columbia","2016A000259","Chained (2012) dollars","Gross domestic product at market prices","Dollars","81","millions","6","v62788431","11.1.38","167541","","","","0"
"2002","British Columbia","2016A000259","Chained (2012) dollars","Gross domestic product at market prices","Dollars","81","millions","6","v62788431","11.1.38","174214","","","","0"
"2003","British Columbia","2016A000259","Chained (2012) dollars","Gross domestic product at market prices","Dollars","81","millions","6","v62788431","11.1.38","178240","","","","0"
"2004","British Columbia","2016A000259","Chained (2012) dollars","Gross domestic product at market prices","Dollars","81","millions","6","v62788431","11.1.38","185250","","","","0"
"2005","British Columbia","2016A000259","Chained (2012) dollars","Gross domestic product at market prices","Dollars","81","millions","6","v62788431","11.1.38","194460","","","","0"
"2006","British Columbia","2016A000259","Chained (2012) dollars","Gross domestic product at market prices","Dollars","81","millions","6","v62788431","11.1.38","203053","","","","0"
"2007","British Columbia","2016A000259","Chained (2012) dollars","Gross domestic product at market prices","Dollars","81","millions","6","v62788431","11.1.38","209419","","","","0"
"2008","British Columbia","2016A000259","Chained (2012) dollars","Gross domestic product at market prices","Dollars","81","millions","6","v62788431","11.1.38","210903","","","","0"
"2009","British Columbia","2016A000259","Chained (2012) dollars","Gross domestic product at market prices","Dollars","81","millions","6","v62788431","11.1.38","205878","","","","0"
"2010","British Columbia","2016A000259","Chained (2012) dollars","Gross domestic product at market prices","Dollars","81","millions","6","v62788431","11.1.38","211749","","","","0"
"2011","British Columbia","2016A000259","Chained (2012) dollars","Gross domestic product at market prices","Dollars","81","millions","6","v62788431","11.1.38","218203","","","","0"
"2012","British Columbia","2016A000259","Chained (2012) dollars","Gross domestic product at market prices","Dollars","81","millions","6","v62788431","11.1.38","223329","","","","0"
"2013","British Columbia","2016A000259","Chained (2012) dollars","Gross domestic product at market prices","Dollars","81","millions","6","v62788431","11.1.38","228310","","","","0"
"2014","British Columbia","2016A000259","Chained (2012) dollars","Gross domestic product at market prices","Dollars","81","millions","6","v62788431","11.1.38","236696","","","","0"
"2015","British Columbia","2016A000259","Chained (2012) dollars","Gross domestic product at market prices","Dollars","81","millions","6","v62788431","11.1.38","241509","","","","0"
"2016","British Columbia","2016A000259","Chained (2012) dollars","Gross domestic product at market prices","Dollars","81","millions","6","v62788431","11.1.38","248262","","","","0"
"2017","British Columbia","2016A000259","Chained (2012) dollars","Gross domestic product at market prices","Dollars","81","millions","6","v62788431","11.1.38","257724","","","","0"
"2018","British Columbia","2016A000259","Chained (2012) dollars","Gross domestic product at market prices","Dollars","81","millions","6","v62788431","11.1.38","264765","","","","0"
"1990","Yukon","2016A000260","Chained (2012) dollars","Gross domestic product at market prices","Dollars","81","millions","6","v62788548","12.1.38","1495","","","","0"
"1991","Yukon","2016A000260","Chained (2012) dollars","Gross domestic product at market prices","Dollars","81","millions","6","v62788548","12.1.38","1448","","","","0"
"1992","Yukon","2016A000260","Chained (2012) dollars","Gross domestic product at market prices","Dollars","81","millions","6","v62788548","12.1.38","1731","","","","0"
"1993","Yukon","2016A000260","Chained (2012) dollars","Gross domestic product at market prices","Dollars","81","millions","6","v62788548","12.1.38","1385","","","","0"
"1994","Yukon","2016A000260","Chained (2012) dollars","Gross domestic product at market prices","Dollars","81","millions","6","v62788548","12.1.38","1384","","","","0"
"1995","Yukon","2016A000260","Chained (2012) dollars","Gross domestic product at market prices","Dollars","81","millions","6","v62788548","12.1.38","1575","","","","0"
"1996","Yukon","2016A000260","Chained (2012) dollars","Gross domestic product at market prices","Dollars","81","millions","6","v62788548","12.1.38","1741","","","","0"
"1997","Yukon","2016A000260","Chained (2012) dollars","Gross domestic product at market prices","Dollars","81","millions","6","v62788548","12.1.38","1620","","","","0"
"1998","Yukon","2016A000260","Chained (2012) dollars","Gross domestic product at market prices","Dollars","81","millions","6","v62788548","12.1.38","1544","","","","0"
"1999","Yukon","2016A000260","Chained (2012) dollars","Gross domestic product at market prices","Dollars","81","millions","6","v62788548","12.1.38","1537","","","","0"
"2000","Yukon","2016A000260","Chained (2012) dollars","Gross domestic product at market prices","Dollars","81","millions","6","v62788548","12.1.38","1589","","","","0"
"2001","Yukon","2016A000260","Chained (2012) dollars","Gross domestic product at market prices","Dollars","81","millions","6","v62788548","12.1.38","1662","","","","0"
"2002","Yukon","2016A000260","Chained (2012) dollars","Gross domestic product at market prices","Dollars","81","millions","6","v62788548","12.1.38","1643","","","","0"
"2003","Yukon","2016A000260","Chained (2012) dollars","Gross domestic product at market prices","Dollars","81","millions","6","v62788548","12.1.38","1625","","","","0"
"2004","Yukon","2016A000260","Chained (2012) dollars","Gross domestic product at market prices","Dollars","81","millions","6","v62788548","12.1.38","1707","","","","0"
"2005","Yukon","2016A000260","Chained (2012) dollars","Gross domestic product at market prices","Dollars","81","millions","6","v62788548","12.1.38","1744","","","","0"
"2006","Yukon","2016A000260","Chained (2012) dollars","Gross domestic product at market prices","Dollars","81","millions","6","v62788548","12.1.38","1826","","","","0"
"2007","Yukon","2016A000260","Chained (2012) dollars","Gross domestic product at market prices","Dollars","81","millions","6","v62788548","12.1.38","1919","","","","0"
"2008","Yukon","2016A000260","Chained (2012) dollars","Gross domestic product at market prices","Dollars","81","millions","6","v62788548","12.1.38","2113","","","","0"
"2009","Yukon","2016A000260","Chained (2012) dollars","Gross domestic product at market prices","Dollars","81","millions","6","v62788548","12.1.38","2253","","","","0"
"2010","Yukon","2016A000260","Chained (2012) dollars","Gross domestic product at market prices","Dollars","81","millions","6","v62788548","12.1.38","2343","","","","0"
"2011","Yukon","2016A000260","Chained (2012) dollars","Gross domestic product at market prices","Dollars","81","millions","6","v62788548","12.1.38","2460","","","","0"
"2012","Yukon","2016A000260","Chained (2012) dollars","Gross domestic product at market prices","Dollars","81","millions","6","v62788548","12.1.38","2558","","","","0"
"2013","Yukon","2016A000260","Chained (2012) dollars","Gross domestic product at market prices","Dollars","81","millions","6","v62788548","12.1.38","2595","","","","0"
"2014","Yukon","2016A000260","Chained (2012) dollars","Gross domestic product at market prices","Dollars","81","millions","6","v62788548","12.1.38","2614","","","","0"
"2015","Yukon","2016A000260","Chained (2012) dollars","Gross domestic product at market prices","Dollars","81","millions","6","v62788548","12.1.38","2409","","","","0"
"2016","Yukon","2016A000260","Chained (2012) dollars","Gross domestic product at market prices","Dollars","81","millions","6","v62788548","12.1.38","2588","","","","0"
"2017","Yukon","2016A000260","Chained (2012) dollars","Gross domestic product at market prices","Dollars","81","millions","6","v62788548","12.1.38","2634","","","","0"
"2018","Yukon","2016A000260","Chained (2012) dollars","Gross domestic product at market prices","Dollars","81","millions","6","v62788548","12.1.38","2734","","","","0"
"1990","Northwest Territories including Nunavut","","Chained (2012) dollars","Gross domestic product at market prices","Dollars","81","millions","6","v79441837","16.1.38","3689","","","","0"
"1991","Northwest Territories including Nunavut","","Chained (2012) dollars","Gross domestic product at market prices","Dollars","81","millions","6","v79441837","16.1.38","3614","","","","0"
"1992","Northwest Territories including Nunavut","","Chained (2012) dollars","Gross domestic product at market prices","Dollars","81","millions","6","v79441837","16.1.38","3485","","","","0"
"1993","Northwest Territories including Nunavut","","Chained (2012) dollars","Gross domestic product at market prices","Dollars","81","millions","6","v79441837","16.1.38","3708","","","","0"
"1994","Northwest Territories including Nunavut","","Chained (2012) dollars","Gross domestic product at market prices","Dollars","81","millions","6","v79441837","16.1.38","3730","","","","0"
"1995","Northwest Territories including Nunavut","","Chained (2012) dollars","Gross domestic product at market prices","Dollars","81","millions","6","v79441837","16.1.38","3671","","","","0"
"1996","Northwest Territories including Nunavut","","Chained (2012) dollars","Gross domestic product at market prices","Dollars","81","millions","6","v79441837","16.1.38","3760","","","","0"
"1997","Northwest Territories including Nunavut","","Chained (2012) dollars","Gross domestic product at market prices","Dollars","81","millions","6","v79441837","16.1.38","4047","","","","0"
"1998","Northwest Territories including Nunavut","","Chained (2012) dollars","Gross domestic product at market prices","Dollars","81","millions","6","v79441837","16.1.38","4113","","","","0"
"1990","Northwest Territories","2016A000261","Chained (2012) dollars","Gross domestic product at market prices","Dollars","81","millions","6","v62788665","13.1.38","","..","","","0"
"1991","Northwest Territories","2016A000261","Chained (2012) dollars","Gross domestic product at market prices","Dollars","81","millions","6","v62788665","13.1.38","","..","","","0"
"1992","Northwest Territories","2016A000261","Chained (2012) dollars","Gross domestic product at market prices","Dollars","81","millions","6","v62788665","13.1.38","","..","","","0"
"1993","Northwest Territories","2016A000261","Chained (2012) dollars","Gross domestic product at market prices","Dollars","81","millions","6","v62788665","13.1.38","","..","","","0"
"1994","Northwest Territories","2016A000261","Chained (2012) dollars","Gross domestic product at market prices","Dollars","81","millions","6","v62788665","13.1.38","","..","","","0"
"1995","Northwest Territories","2016A000261","Chained (2012) dollars","Gross domestic product at market prices","Dollars","81","millions","6","v62788665","13.1.38","","..","","","0"
"1996","Northwest Territories","2016A000261","Chained (2012) dollars","Gross domestic product at market prices","Dollars","81","millions","6","v62788665","13.1.38","","..","","","0"
"1997","Northwest Territories","2016A000261","Chained (2012) dollars","Gross domestic product at market prices","Dollars","81","millions","6","v62788665","13.1.38","","..","","","0"
"1998","Northwest Territories","2016A000261","Chained (2012) dollars","Gross domestic product at market prices","Dollars","81","millions","6","v62788665","13.1.38","","..","","","0"
"1999","Northwest Territories","2016A000261","Chained (2012) dollars","Gross domestic product at market prices","Dollars","81","millions","6","v62788665","13.1.38","3369","","","","0"
"2000","Northwest Territories","2016A000261","Chained (2012) dollars","Gross domestic product at market prices","Dollars","81","millions","6","v62788665","13.1.38","3594","","","","0"
"2001","Northwest Territories","2016A000261","Chained (2012) dollars","Gross domestic product at market prices","Dollars","81","millions","6","v62788665","13.1.38","4350","","","","0"
"2002","Northwest Territories","2016A000261","Chained (2012) dollars","Gross domestic product at market prices","Dollars","81","millions","6","v62788665","13.1.38","4654","","","","0"
"2003","Northwest Territories","2016A000261","Chained (2012) dollars","Gross domestic product at market prices","Dollars","81","millions","6","v62788665","13.1.38","5265","","","","0"
"2004","Northwest Territories","2016A000261","Chained (2012) dollars","Gross domestic product at market prices","Dollars","81","millions","6","v62788665","13.1.38","5401","","","","0"
"2005","Northwest Territories","2016A000261","Chained (2012) dollars","Gross domestic product at market prices","Dollars","81","millions","6","v62788665","13.1.38","5346","","","","0"
"2006","Northwest Territories","2016A000261","Chained (2012) dollars","Gross domestic product at market prices","Dollars","81","millions","6","v62788665","13.1.38","5352","","","","0"
"2007","Northwest Territories","2016A000261","Chained (2012) dollars","Gross domestic product at market prices","Dollars","81","millions","6","v62788665","13.1.38","5841","","","","0"
"2008","Northwest Territories","2016A000261","Chained (2012) dollars","Gross domestic product at market prices","Dollars","81","millions","6","v62788665","13.1.38","5293","","","","0"
"2009","Northwest Territories","2016A000261","Chained (2012) dollars","Gross domestic product at market prices","Dollars","81","millions","6","v62788665","13.1.38","4722","","","","0"
"2010","Northwest Territories","2016A000261","Chained (2012) dollars","Gross domestic product at market prices","Dollars","81","millions","6","v62788665","13.1.38","4843","","","","0"
"2011","Northwest Territories","2016A000261","Chained (2012) dollars","Gross domestic product at market prices","Dollars","81","millions","6","v62788665","13.1.38","4408","","","","0"
"2012","Northwest Territories","2016A000261","Chained (2012) dollars","Gross domestic product at market prices","Dollars","81","millions","6","v62788665","13.1.38","4394","","","","0"
"2013","Northwest Territories","2016A000261","Chained (2012) dollars","Gross domestic product at market prices","Dollars","81","millions","6","v62788665","13.1.38","4521","","","","0"
"2014","Northwest Territories","2016A000261","Chained (2012) dollars","Gross domestic product at market prices","Dollars","81","millions","6","v62788665","13.1.38","4735","","","","0"
"2015","Northwest Territories","2016A000261","Chained (2012) dollars","Gross domestic product at market prices","Dollars","81","millions","6","v62788665","13.1.38","4779","","","","0"
"2016","Northwest Territories","2016A000261","Chained (2012) dollars","Gross domestic product at market prices","Dollars","81","millions","6","v62788665","13.1.38","4712","","","","0"
"2017","Northwest Territories","2016A000261","Chained (2012) dollars","Gross domestic product at market prices","Dollars","81","millions","6","v62788665","13.1.38","4873","","","","0"
"2018","Northwest Territories","2016A000261","Chained (2012) dollars","Gross domestic product at market prices","Dollars","81","millions","6","v62788665","13.1.38","4911","","","","0"
"1990","Nunavut","2016A000262","Chained (2012) dollars","Gross domestic product at market prices","Dollars","81","millions","6","v62788782","14.1.38","","..","","","0"
"1991","Nunavut","2016A000262","Chained (2012) dollars","Gross domestic product at market prices","Dollars","81","millions","6","v62788782","14.1.38","","..","","","0"
"1992","Nunavut","2016A000262","Chained (2012) dollars","Gross domestic product at market prices","Dollars","81","millions","6","v62788782","14.1.38","","..","","","0"
"1993","Nunavut","2016A000262","Chained (2012) dollars","Gross domestic product at market prices","Dollars","81","millions","6","v62788782","14.1.38","","..","","","0"
"1994","Nunavut","2016A000262","Chained (2012) dollars","Gross domestic product at market prices","Dollars","81","millions","6","v62788782","14.1.38","","..","","","0"
"1995","Nunavut","2016A000262","Chained (2012) dollars","Gross domestic product at market prices","Dollars","81","millions","6","v62788782","14.1.38","","..","","","0"
"1996","Nunavut","2016A000262","Chained (2012) dollars","Gross domestic product at market prices","Dollars","81","millions","6","v62788782","14.1.38","","..","","","0"
"1997","Nunavut","2016A000262","Chained (2012) dollars","Gross domestic product at market prices","Dollars","81","millions","6","v62788782","14.1.38","","..","","","0"
"1998","Nunavut","2016A000262","Chained (2012) dollars","Gross domestic product at market prices","Dollars","81","millions","6","v62788782","14.1.38","","..","","","0"
"1999","Nunavut","2016A000262","Chained (2012) dollars","Gross domestic product at market prices","Dollars","81","millions","6","v62788782","14.1.38","1255","","","","0"
"2000","Nunavut","2016A000262","Chained (2012) dollars","Gross domestic product at market prices","Dollars","81","millions","6","v62788782","14.1.38","1310","","","","0"
"2001","Nunavut","2016A000262","Chained (2012) dollars","Gross domestic product at market prices","Dollars","81","millions","6","v62788782","14.1.38","1392","","","","0"
"2002","Nunavut","2016A000262","Chained (2012) dollars","Gross domestic product at market prices","Dollars","81","millions","6","v62788782","14.1.38","1423","","","","0"
"2003","Nunavut","2016A000262","Chained (2012) dollars","Gross domestic product at market prices","Dollars","81","millions","6","v62788782","14.1.38","1423","","","","0"
"2004","Nunavut","2016A000262","Chained (2012) dollars","Gross domestic product at market prices","Dollars","81","millions","6","v62788782","14.1.38","1487","","","","0"
"2005","Nunavut","2016A000262","Chained (2012) dollars","Gross domestic product at market prices","Dollars","81","millions","6","v62788782","14.1.38","1481","","","","0"
"2006","Nunavut","2016A000262","Chained (2012) dollars","Gross domestic product at market prices","Dollars","81","millions","6","v62788782","14.1.38","1497","","","","0"
"2007","Nunavut","2016A000262","Chained (2012) dollars","Gross domestic product at market prices","Dollars","81","millions","6","v62788782","14.1.38","1620","","","","0"
"2008","Nunavut","2016A000262","Chained (2012) dollars","Gross domestic product at market prices","Dollars","81","millions","6","v62788782","14.1.38","1851","","","","0"
"2009","Nunavut","2016A000262","Chained (2012) dollars","Gross domestic product at market prices","Dollars","81","millions","6","v62788782","14.1.38","1721","","","","0"
"2010","Nunavut","2016A000262","Chained (2012) dollars","Gross domestic product at market prices","Dollars","81","millions","6","v62788782","14.1.38","2039","","","","0"
"2011","Nunavut","2016A000262","Chained (2012) dollars","Gross domestic product at market prices","Dollars","81","millions","6","v62788782","14.1.38","2150","","","","0"
"2012","Nunavut","2016A000262","Chained (2012) dollars","Gross domestic product at market prices","Dollars","81","millions","6","v62788782","14.1.38","2199","","","","0"
"2013","Nunavut","2016A000262","Chained (2012) dollars","Gross domestic product at market prices","Dollars","81","millions","6","v62788782","14.1.38","2410","","","","0"
"2014","Nunavut","2016A000262","Chained (2012) dollars","Gross domestic product at market prices","Dollars","81","millions","6","v62788782","14.1.38","2379","","","","0"
"2015","Nunavut","2016A000262","Chained (2012) dollars","Gross domestic product at market prices","Dollars","81","millions","6","v62788782","14.1.38","2372","","","","0"
"2016","Nunavut","2016A000262","Chained (2012) dollars","Gross domestic product at market prices","Dollars","81","millions","6","v62788782","14.1.38","2492","","","","0"
"2017","Nunavut","2016A000262","Chained (2012) dollars","Gross domestic product at market prices","Dollars","81","millions","6","v62788782","14.1.38","2821","","","","0"
"2018","Nunavut","2016A000262","Chained (2012) dollars","Gross domestic product at market prices","Dollars","81","millions","6","v62788782","14.1.38","2968","","","","0"
"1990","Outside Canada","","Chained (2012) dollars","Gross domestic product at market prices","Dollars","81","millions","6","v62788899","15.1.38","1740","","","","0"
"1991","Outside Canada","","Chained (2012) dollars","Gross domestic product at market prices","Dollars","81","millions","6","v62788899","15.1.38","1957","","","","0"
"1992","Outside Canada","","Chained (2012) dollars","Gross domestic product at market prices","Dollars","81","millions","6","v62788899","15.1.38","1663","","","","0"
"1993","Outside Canada","","Chained (2012) dollars","Gross domestic product at market prices","Dollars","81","millions","6","v62788899","15.1.38","1175","","","","0"
"1994","Outside Canada","","Chained (2012) dollars","Gross domestic product at market prices","Dollars","81","millions","6","v62788899","15.1.38","922","","","","0"
"1995","Outside Canada","","Chained (2012) dollars","Gross domestic product at market prices","Dollars","81","millions","6","v62788899","15.1.38","853","","","","0"
"1996","Outside Canada","","Chained (2012) dollars","Gross domestic product at market prices","Dollars","81","millions","6","v62788899","15.1.38","809","","","","0"
"1997","Outside Canada","","Chained (2012) dollars","Gross domestic product at market prices","Dollars","81","millions","6","v62788899","15.1.38","797","","","","0"
"1998","Outside Canada","","Chained (2012) dollars","Gross domestic product at market prices","Dollars","81","millions","6","v62788899","15.1.38","731","","","","0"
"1999","Outside Canada","","Chained (2012) dollars","Gross domestic product at market prices","Dollars","81","millions","6","v62788899","15.1.38","817","","","","0"
"2000","Outside Canada","","Chained (2012) dollars","Gross domestic product at market prices","Dollars","81","millions","6","v62788899","15.1.38","818","","","","0"
"2001","Outside Canada","","Chained (2012) dollars","Gross domestic product at market prices","Dollars","81","millions","6","v62788899","15.1.38","821","","","","0"
"2002","Outside Canada","","Chained (2012) dollars","Gross domestic product at market prices","Dollars","81","millions","6","v62788899","15.1.38","839","","","","0"
"2003","Outside Canada","","Chained (2012) dollars","Gross domestic product at market prices","Dollars","81","millions","6","v62788899","15.1.38","811","","","","0"
"2004","Outside Canada","","Chained (2012) dollars","Gross domestic product at market prices","Dollars","81","millions","6","v62788899","15.1.38","786","","","","0"
"2005","Outside Canada","","Chained (2012) dollars","Gross domestic product at market prices","Dollars","81","millions","6","v62788899","15.1.38","758","","","","0"
"2006","Outside Canada","","Chained (2012) dollars","Gross domestic product at market prices","Dollars","81","millions","6","v62788899","15.1.38","758","","","","0"
"2007","Outside Canada","","Chained (2012) dollars","Gross domestic product at market prices","Dollars","81","millions","6","v62788899","15.1.38","736","","","","0"
"2008","Outside Canada","","Chained (2012) dollars","Gross domestic product at market prices","Dollars","81","millions","6","v62788899","15.1.38","743","","","","0"
"2009","Outside Canada","","Chained (2012) dollars","Gross domestic product at market prices","Dollars","81","millions","6","v62788899","15.1.38","755","","","","0"
"2010","Outside Canada","","Chained (2012) dollars","Gross domestic product at market prices","Dollars","81","millions","6","v62788899","15.1.38","788","","","","0"
"2011","Outside Canada","","Chained (2012) dollars","Gross domestic product at market prices","Dollars","81","millions","6","v62788899","15.1.38","781","","","","0"
"2012","Outside Canada","","Chained (2012) dollars","Gross domestic product at market prices","Dollars","81","millions","6","v62788899","15.1.38","739","","","","0"
"2013","Outside Canada","","Chained (2012) dollars","Gross domestic product at market prices","Dollars","81","millions","6","v62788899","15.1.38","709","","","","0"
"2014","Outside Canada","","Chained (2012) dollars","Gross domestic product at market prices","Dollars","81","millions","6","v62788899","15.1.38","695","","","","0"
"2015","Outside Canada","","Chained (2012) dollars","Gross domestic product at market prices","Dollars","81","millions","6","v62788899","15.1.38","667","","","","0"
"2016","Outside Canada","","Chained (2012) dollars","Gross domestic product at market prices","Dollars","81","millions","6","v62788899","15.1.38","671","","","","0"
"2017","Outside Canada","","Chained (2012) dollars","Gross domestic product at market prices","Dollars","81","millions","6","v62788899","15.1.38","698","","","","0"
"2018","Outside Canada","","Chained (2012) dollars","Gross domestic product at market prices","Dollars","81","millions","6","v62788899","15.1.38","741","","","","0"


