"REF_DATE","GEO","DGUID","Sex","Age group","UOM","UOM_ID","SCALAR_FACTOR","SCALAR_ID","VECTOR","COORDINATE","VALUE","STATUS","SYMBOL","TERMINATED","DECIMALS"
"1990","Canada","2016A000011124","Both sexes","All ages","Persons","249","units","0","v466668","1.1.1","27691138","","","","0"
"1991","Canada","2016A000011124","Both sexes","All ages","Persons","249","units","0","v466668","1.1.1","28037420","","","","0"
"1992","Canada","2016A000011124","Both sexes","All ages","Persons","249","units","0","v466668","1.1.1","28371264","","","","0"
"1993","Canada","2016A000011124","Both sexes","All ages","Persons","249","units","0","v466668","1.1.1","28684764","","","","0"
"1994","Canada","2016A000011124","Both sexes","All ages","Persons","249","units","0","v466668","1.1.1","29000663","","","","0"
"1995","Canada","2016A000011124","Both sexes","All ages","Persons","249","units","0","v466668","1.1.1","29302311","","","","0"
"1996","Canada","2016A000011124","Both sexes","All ages","Persons","249","units","0","v466668","1.1.1","29610218","","","","0"
"1997","Canada","2016A000011124","Both sexes","All ages","Persons","249","units","0","v466668","1.1.1","29905948","","","","0"
"1998","Canada","2016A000011124","Both sexes","All ages","Persons","249","units","0","v466668","1.1.1","30155173","","","","0"
"1999","Canada","2016A000011124","Both sexes","All ages","Persons","249","units","0","v466668","1.1.1","30401286","","","","0"
"2000","Canada","2016A000011124","Both sexes","All ages","Persons","249","units","0","v466668","1.1.1","30685730","","","","0"
"2001","Canada","2016A000011124","Both sexes","All ages","Persons","249","units","0","v466668","1.1.1","31020902","","","","0"
"2002","Canada","2016A000011124","Both sexes","All ages","Persons","249","units","0","v466668","1.1.1","31360079","","","","0"
"2003","Canada","2016A000011124","Both sexes","All ages","Persons","249","units","0","v466668","1.1.1","31644028","","","","0"
"2004","Canada","2016A000011124","Both sexes","All ages","Persons","249","units","0","v466668","1.1.1","31940655","","","","0"
"2005","Canada","2016A000011124","Both sexes","All ages","Persons","249","units","0","v466668","1.1.1","32243753","","","","0"
"2006","Canada","2016A000011124","Both sexes","All ages","Persons","249","units","0","v466668","1.1.1","32571174","","","","0"
"2007","Canada","2016A000011124","Both sexes","All ages","Persons","249","units","0","v466668","1.1.1","32889025","","","","0"
"2008","Canada","2016A000011124","Both sexes","All ages","Persons","249","units","0","v466668","1.1.1","33247118","","","","0"
"2009","Canada","2016A000011124","Both sexes","All ages","Persons","249","units","0","v466668","1.1.1","33628895","","","","0"
"2010","Canada","2016A000011124","Both sexes","All ages","Persons","249","units","0","v466668","1.1.1","34004889","","","","0"
"2011","Canada","2016A000011124","Both sexes","All ages","Persons","249","units","0","v466668","1.1.1","34339328","","","","0"
"2012","Canada","2016A000011124","Both sexes","All ages","Persons","249","units","0","v466668","1.1.1","34714222","","","","0"
"2013","Canada","2016A000011124","Both sexes","All ages","Persons","249","units","0","v466668","1.1.1","35082954","","","","0"
"2014","Canada","2016A000011124","Both sexes","All ages","Persons","249","units","0","v466668","1.1.1","35437435","","","","0"
"2015","Canada","2016A000011124","Both sexes","All ages","Persons","249","units","0","v466668","1.1.1","35702908","","","","0"
"2016","Canada","2016A000011124","Both sexes","All ages","Persons","249","units","0","v466668","1.1.1","36109487","","","","0"
"2017","Canada","2016A000011124","Both sexes","All ages","Persons","249","units","0","v466668","1.1.1","36545295","","","","0"
"2018","Canada","2016A000011124","Both sexes","All ages","Persons","249","units","0","v466668","1.1.1","37065178","","","","0"
"1990","Newfoundland and Labrador","2016A000210","Both sexes","All ages","Persons","249","units","0","v466983","2.1.1","577368","","","","0"
"1991","Newfoundland and Labrador","2016A000210","Both sexes","All ages","Persons","249","units","0","v466983","2.1.1","579644","","","","0"
"1992","Newfoundland and Labrador","2016A000210","Both sexes","All ages","Persons","249","units","0","v466983","2.1.1","580109","","","","0"
"1993","Newfoundland and Labrador","2016A000210","Both sexes","All ages","Persons","249","units","0","v466983","2.1.1","579977","","","","0"
"1994","Newfoundland and Labrador","2016A000210","Both sexes","All ages","Persons","249","units","0","v466983","2.1.1","574466","","","","0"
"1995","Newfoundland and Labrador","2016A000210","Both sexes","All ages","Persons","249","units","0","v466983","2.1.1","567397","","","","0"
"1996","Newfoundland and Labrador","2016A000210","Both sexes","All ages","Persons","249","units","0","v466983","2.1.1","559698","","","","0"
"1997","Newfoundland and Labrador","2016A000210","Both sexes","All ages","Persons","249","units","0","v466983","2.1.1","550911","","","","0"
"1998","Newfoundland and Labrador","2016A000210","Both sexes","All ages","Persons","249","units","0","v466983","2.1.1","539843","","","","0"
"1999","Newfoundland and Labrador","2016A000210","Both sexes","All ages","Persons","249","units","0","v466983","2.1.1","533329","","","","0"
"2000","Newfoundland and Labrador","2016A000210","Both sexes","All ages","Persons","249","units","0","v466983","2.1.1","527966","","","","0"
"2001","Newfoundland and Labrador","2016A000210","Both sexes","All ages","Persons","249","units","0","v466983","2.1.1","522046","","","","0"
"2002","Newfoundland and Labrador","2016A000210","Both sexes","All ages","Persons","249","units","0","v466983","2.1.1","519481","","","","0"
"2003","Newfoundland and Labrador","2016A000210","Both sexes","All ages","Persons","249","units","0","v466983","2.1.1","518459","","","","0"
"2004","Newfoundland and Labrador","2016A000210","Both sexes","All ages","Persons","249","units","0","v466983","2.1.1","517423","","","","0"
"2005","Newfoundland and Labrador","2016A000210","Both sexes","All ages","Persons","249","units","0","v466983","2.1.1","514332","","","","0"
"2006","Newfoundland and Labrador","2016A000210","Both sexes","All ages","Persons","249","units","0","v466983","2.1.1","510592","","","","0"
"2007","Newfoundland and Labrador","2016A000210","Both sexes","All ages","Persons","249","units","0","v466983","2.1.1","509055","","","","0"
"2008","Newfoundland and Labrador","2016A000210","Both sexes","All ages","Persons","249","units","0","v466983","2.1.1","511581","","","","0"
"2009","Newfoundland and Labrador","2016A000210","Both sexes","All ages","Persons","249","units","0","v466983","2.1.1","516751","","","","0"
"2010","Newfoundland and Labrador","2016A000210","Both sexes","All ages","Persons","249","units","0","v466983","2.1.1","522009","","","","0"
"2011","Newfoundland and Labrador","2016A000210","Both sexes","All ages","Persons","249","units","0","v466983","2.1.1","524999","","","","0"
"2012","Newfoundland and Labrador","2016A000210","Both sexes","All ages","Persons","249","units","0","v466983","2.1.1","526345","","","","0"
"2013","Newfoundland and Labrador","2016A000210","Both sexes","All ages","Persons","249","units","0","v466983","2.1.1","527114","","","","0"
"2014","Newfoundland and Labrador","2016A000210","Both sexes","All ages","Persons","249","units","0","v466983","2.1.1","528159","","","","0"
"2015","Newfoundland and Labrador","2016A000210","Both sexes","All ages","Persons","249","units","0","v466983","2.1.1","528117","","","","0"
"2016","Newfoundland and Labrador","2016A000210","Both sexes","All ages","Persons","249","units","0","v466983","2.1.1","529426","","","","0"
"2017","Newfoundland and Labrador","2016A000210","Both sexes","All ages","Persons","249","units","0","v466983","2.1.1","528249","","","","0"
"2018","Newfoundland and Labrador","2016A000210","Both sexes","All ages","Persons","249","units","0","v466983","2.1.1","525560","","","","0"
"1990","Prince Edward Island","2016A000211","Both sexes","All ages","Persons","249","units","0","v467298","3.1.1","130404","","","","0"
"1991","Prince Edward Island","2016A000211","Both sexes","All ages","Persons","249","units","0","v467298","3.1.1","130369","","","","0"
"1992","Prince Edward Island","2016A000211","Both sexes","All ages","Persons","249","units","0","v467298","3.1.1","130827","","","","0"
"1993","Prince Edward Island","2016A000211","Both sexes","All ages","Persons","249","units","0","v467298","3.1.1","132177","","","","0"
"1994","Prince Edward Island","2016A000211","Both sexes","All ages","Persons","249","units","0","v467298","3.1.1","133437","","","","0"
"1995","Prince Edward Island","2016A000211","Both sexes","All ages","Persons","249","units","0","v467298","3.1.1","134415","","","","0"
"1996","Prince Edward Island","2016A000211","Both sexes","All ages","Persons","249","units","0","v467298","3.1.1","135737","","","","0"
"1997","Prince Edward Island","2016A000211","Both sexes","All ages","Persons","249","units","0","v467298","3.1.1","136095","","","","0"
"1998","Prince Edward Island","2016A000211","Both sexes","All ages","Persons","249","units","0","v467298","3.1.1","135804","","","","0"
"1999","Prince Edward Island","2016A000211","Both sexes","All ages","Persons","249","units","0","v467298","3.1.1","136281","","","","0"
"2000","Prince Edward Island","2016A000211","Both sexes","All ages","Persons","249","units","0","v467298","3.1.1","136470","","","","0"
"2001","Prince Edward Island","2016A000211","Both sexes","All ages","Persons","249","units","0","v467298","3.1.1","136665","","","","0"
"2002","Prince Edward Island","2016A000211","Both sexes","All ages","Persons","249","units","0","v467298","3.1.1","136880","","","","0"
"2003","Prince Edward Island","2016A000211","Both sexes","All ages","Persons","249","units","0","v467298","3.1.1","137227","","","","0"
"2004","Prince Edward Island","2016A000211","Both sexes","All ages","Persons","249","units","0","v467298","3.1.1","137680","","","","0"
"2005","Prince Edward Island","2016A000211","Both sexes","All ages","Persons","249","units","0","v467298","3.1.1","138064","","","","0"
"2006","Prince Edward Island","2016A000211","Both sexes","All ages","Persons","249","units","0","v467298","3.1.1","137867","","","","0"
"2007","Prince Edward Island","2016A000211","Both sexes","All ages","Persons","249","units","0","v467298","3.1.1","137711","","","","0"
"2008","Prince Edward Island","2016A000211","Both sexes","All ages","Persons","249","units","0","v467298","3.1.1","138749","","","","0"
"2009","Prince Edward Island","2016A000211","Both sexes","All ages","Persons","249","units","0","v467298","3.1.1","139891","","","","0"
"2010","Prince Edward Island","2016A000211","Both sexes","All ages","Persons","249","units","0","v467298","3.1.1","141654","","","","0"
"2011","Prince Edward Island","2016A000211","Both sexes","All ages","Persons","249","units","0","v467298","3.1.1","143963","","","","0"
"2012","Prince Edward Island","2016A000211","Both sexes","All ages","Persons","249","units","0","v467298","3.1.1","144530","","","","0"
"2013","Prince Edward Island","2016A000211","Both sexes","All ages","Persons","249","units","0","v467298","3.1.1","144094","","","","0"
"2014","Prince Edward Island","2016A000211","Both sexes","All ages","Persons","249","units","0","v467298","3.1.1","144283","","","","0"
"2015","Prince Edward Island","2016A000211","Both sexes","All ages","Persons","249","units","0","v467298","3.1.1","144546","","","","0"
"2016","Prince Edward Island","2016A000211","Both sexes","All ages","Persons","249","units","0","v467298","3.1.1","146969","","","","0"
"2017","Prince Edward Island","2016A000211","Both sexes","All ages","Persons","249","units","0","v467298","3.1.1","150402","","","","0"
"2018","Prince Edward Island","2016A000211","Both sexes","All ages","Persons","249","units","0","v467298","3.1.1","153396","","","","0"
"1990","Nova Scotia","2016A000212","Both sexes","All ages","Persons","249","units","0","v467613","4.1.1","910451","","","","0"
"1991","Nova Scotia","2016A000212","Both sexes","All ages","Persons","249","units","0","v467613","4.1.1","914969","","","","0"
"1992","Nova Scotia","2016A000212","Both sexes","All ages","Persons","249","units","0","v467613","4.1.1","919451","","","","0"
"1993","Nova Scotia","2016A000212","Both sexes","All ages","Persons","249","units","0","v467613","4.1.1","923925","","","","0"
"1994","Nova Scotia","2016A000212","Both sexes","All ages","Persons","249","units","0","v467613","4.1.1","926871","","","","0"
"1995","Nova Scotia","2016A000212","Both sexes","All ages","Persons","249","units","0","v467613","4.1.1","928120","","","","0"
"1996","Nova Scotia","2016A000212","Both sexes","All ages","Persons","249","units","0","v467613","4.1.1","931327","","","","0"
"1997","Nova Scotia","2016A000212","Both sexes","All ages","Persons","249","units","0","v467613","4.1.1","932402","","","","0"
"1998","Nova Scotia","2016A000212","Both sexes","All ages","Persons","249","units","0","v467613","4.1.1","931836","","","","0"
"1999","Nova Scotia","2016A000212","Both sexes","All ages","Persons","249","units","0","v467613","4.1.1","933784","","","","0"
"2000","Nova Scotia","2016A000212","Both sexes","All ages","Persons","249","units","0","v467613","4.1.1","933821","","","","0"
"2001","Nova Scotia","2016A000212","Both sexes","All ages","Persons","249","units","0","v467613","4.1.1","932494","","","","0"
"2002","Nova Scotia","2016A000212","Both sexes","All ages","Persons","249","units","0","v467613","4.1.1","935179","","","","0"
"2003","Nova Scotia","2016A000212","Both sexes","All ages","Persons","249","units","0","v467613","4.1.1","937717","","","","0"
"2004","Nova Scotia","2016A000212","Both sexes","All ages","Persons","249","units","0","v467613","4.1.1","939664","","","","0"
"2005","Nova Scotia","2016A000212","Both sexes","All ages","Persons","249","units","0","v467613","4.1.1","937926","","","","0"
"2006","Nova Scotia","2016A000212","Both sexes","All ages","Persons","249","units","0","v467613","4.1.1","937882","","","","0"
"2007","Nova Scotia","2016A000212","Both sexes","All ages","Persons","249","units","0","v467613","4.1.1","935115","","","","0"
"2008","Nova Scotia","2016A000212","Both sexes","All ages","Persons","249","units","0","v467613","4.1.1","935897","","","","0"
"2009","Nova Scotia","2016A000212","Both sexes","All ages","Persons","249","units","0","v467613","4.1.1","938208","","","","0"
"2010","Nova Scotia","2016A000212","Both sexes","All ages","Persons","249","units","0","v467613","4.1.1","942107","","","","0"
"2011","Nova Scotia","2016A000212","Both sexes","All ages","Persons","249","units","0","v467613","4.1.1","944274","","","","0"
"2012","Nova Scotia","2016A000212","Both sexes","All ages","Persons","249","units","0","v467613","4.1.1","943635","","","","0"
"2013","Nova Scotia","2016A000212","Both sexes","All ages","Persons","249","units","0","v467613","4.1.1","940434","","","","0"
"2014","Nova Scotia","2016A000212","Both sexes","All ages","Persons","249","units","0","v467613","4.1.1","938545","","","","0"
"2015","Nova Scotia","2016A000212","Both sexes","All ages","Persons","249","units","0","v467613","4.1.1","936525","","","","0"
"2016","Nova Scotia","2016A000212","Both sexes","All ages","Persons","249","units","0","v467613","4.1.1","942790","","","","0"
"2017","Nova Scotia","2016A000212","Both sexes","All ages","Persons","249","units","0","v467613","4.1.1","950108","","","","0"
"2018","Nova Scotia","2016A000212","Both sexes","All ages","Persons","249","units","0","v467613","4.1.1","958406","","","","0"
"1990","New Brunswick","2016A000213","Both sexes","All ages","Persons","249","units","0","v467928","5.1.1","740156","","","","0"
"1991","New Brunswick","2016A000213","Both sexes","All ages","Persons","249","units","0","v467928","5.1.1","745567","","","","0"
"1992","New Brunswick","2016A000213","Both sexes","All ages","Persons","249","units","0","v467928","5.1.1","748121","","","","0"
"1993","New Brunswick","2016A000213","Both sexes","All ages","Persons","249","units","0","v467928","5.1.1","748812","","","","0"
"1994","New Brunswick","2016A000213","Both sexes","All ages","Persons","249","units","0","v467928","5.1.1","750185","","","","0"
"1995","New Brunswick","2016A000213","Both sexes","All ages","Persons","249","units","0","v467928","5.1.1","750943","","","","0"
"1996","New Brunswick","2016A000213","Both sexes","All ages","Persons","249","units","0","v467928","5.1.1","752268","","","","0"
"1997","New Brunswick","2016A000213","Both sexes","All ages","Persons","249","units","0","v467928","5.1.1","752511","","","","0"
"1998","New Brunswick","2016A000213","Both sexes","All ages","Persons","249","units","0","v467928","5.1.1","750530","","","","0"
"1999","New Brunswick","2016A000213","Both sexes","All ages","Persons","249","units","0","v467928","5.1.1","750601","","","","0"
"2000","New Brunswick","2016A000213","Both sexes","All ages","Persons","249","units","0","v467928","5.1.1","750517","","","","0"
"2001","New Brunswick","2016A000213","Both sexes","All ages","Persons","249","units","0","v467928","5.1.1","749820","","","","0"
"2002","New Brunswick","2016A000213","Both sexes","All ages","Persons","249","units","0","v467928","5.1.1","749372","","","","0"
"2003","New Brunswick","2016A000213","Both sexes","All ages","Persons","249","units","0","v467928","5.1.1","749441","","","","0"
"2004","New Brunswick","2016A000213","Both sexes","All ages","Persons","249","units","0","v467928","5.1.1","749419","","","","0"
"2005","New Brunswick","2016A000213","Both sexes","All ages","Persons","249","units","0","v467928","5.1.1","748057","","","","0"
"2006","New Brunswick","2016A000213","Both sexes","All ages","Persons","249","units","0","v467928","5.1.1","745621","","","","0"
"2007","New Brunswick","2016A000213","Both sexes","All ages","Persons","249","units","0","v467928","5.1.1","745433","","","","0"
"2008","New Brunswick","2016A000213","Both sexes","All ages","Persons","249","units","0","v467928","5.1.1","746877","","","","0"
"2009","New Brunswick","2016A000213","Both sexes","All ages","Persons","249","units","0","v467928","5.1.1","749956","","","","0"
"2010","New Brunswick","2016A000213","Both sexes","All ages","Persons","249","units","0","v467928","5.1.1","753035","","","","0"
"2011","New Brunswick","2016A000213","Both sexes","All ages","Persons","249","units","0","v467928","5.1.1","755705","","","","0"
"2012","New Brunswick","2016A000213","Both sexes","All ages","Persons","249","units","0","v467928","5.1.1","758378","","","","0"
"2013","New Brunswick","2016A000213","Both sexes","All ages","Persons","249","units","0","v467928","5.1.1","758544","","","","0"
"2014","New Brunswick","2016A000213","Both sexes","All ages","Persons","249","units","0","v467928","5.1.1","758976","","","","0"
"2015","New Brunswick","2016A000213","Both sexes","All ages","Persons","249","units","0","v467928","5.1.1","758842","","","","0"
"2016","New Brunswick","2016A000213","Both sexes","All ages","Persons","249","units","0","v467928","5.1.1","763350","","","","0"
"2017","New Brunswick","2016A000213","Both sexes","All ages","Persons","249","units","0","v467928","5.1.1","766621","","","","0"
"2018","New Brunswick","2016A000213","Both sexes","All ages","Persons","249","units","0","v467928","5.1.1","770301","","","","0"
"1990","Quebec","2016A000224","Both sexes","All ages","Persons","249","units","0","v468243","6.1.1","6996986","","","","0"
"1991","Quebec","2016A000224","Both sexes","All ages","Persons","249","units","0","v468243","6.1.1","7067396","","","","0"
"1992","Quebec","2016A000224","Both sexes","All ages","Persons","249","units","0","v468243","6.1.1","7110010","","","","0"
"1993","Quebec","2016A000224","Both sexes","All ages","Persons","249","units","0","v468243","6.1.1","7156537","","","","0"
"1994","Quebec","2016A000224","Both sexes","All ages","Persons","249","units","0","v468243","6.1.1","7192403","","","","0"
"1995","Quebec","2016A000224","Both sexes","All ages","Persons","249","units","0","v468243","6.1.1","7219219","","","","0"
"1996","Quebec","2016A000224","Both sexes","All ages","Persons","249","units","0","v468243","6.1.1","7246897","","","","0"
"1997","Quebec","2016A000224","Both sexes","All ages","Persons","249","units","0","v468243","6.1.1","7274611","","","","0"
"1998","Quebec","2016A000224","Both sexes","All ages","Persons","249","units","0","v468243","6.1.1","7295935","","","","0"
"1999","Quebec","2016A000224","Both sexes","All ages","Persons","249","units","0","v468243","6.1.1","7323250","","","","0"
"2000","Quebec","2016A000224","Both sexes","All ages","Persons","249","units","0","v468243","6.1.1","7356951","","","","0"
"2001","Quebec","2016A000224","Both sexes","All ages","Persons","249","units","0","v468243","6.1.1","7396456","","","","0"
"2002","Quebec","2016A000224","Both sexes","All ages","Persons","249","units","0","v468243","6.1.1","7441656","","","","0"
"2003","Quebec","2016A000224","Both sexes","All ages","Persons","249","units","0","v468243","6.1.1","7485753","","","","0"
"2004","Quebec","2016A000224","Both sexes","All ages","Persons","249","units","0","v468243","6.1.1","7535590","","","","0"
"2005","Quebec","2016A000224","Both sexes","All ages","Persons","249","units","0","v468243","6.1.1","7581476","","","","0"
"2006","Quebec","2016A000224","Both sexes","All ages","Persons","249","units","0","v468243","6.1.1","7631966","","","","0"
"2007","Quebec","2016A000224","Both sexes","All ages","Persons","249","units","0","v468243","6.1.1","7692916","","","","0"
"2008","Quebec","2016A000224","Both sexes","All ages","Persons","249","units","0","v468243","6.1.1","7761725","","","","0"
"2009","Quebec","2016A000224","Both sexes","All ages","Persons","249","units","0","v468243","6.1.1","7843383","","","","0"
"2010","Quebec","2016A000224","Both sexes","All ages","Persons","249","units","0","v468243","6.1.1","7929222","","","","0"
"2011","Quebec","2016A000224","Both sexes","All ages","Persons","249","units","0","v468243","6.1.1","8005090","","","","0"
"2012","Quebec","2016A000224","Both sexes","All ages","Persons","249","units","0","v468243","6.1.1","8061101","","","","0"
"2013","Quebec","2016A000224","Both sexes","All ages","Persons","249","units","0","v468243","6.1.1","8110880","","","","0"
"2014","Quebec","2016A000224","Both sexes","All ages","Persons","249","units","0","v468243","6.1.1","8150183","","","","0"
"2015","Quebec","2016A000224","Both sexes","All ages","Persons","249","units","0","v468243","6.1.1","8175272","","","","0"
"2016","Quebec","2016A000224","Both sexes","All ages","Persons","249","units","0","v468243","6.1.1","8225950","","","","0"
"2017","Quebec","2016A000224","Both sexes","All ages","Persons","249","units","0","v468243","6.1.1","8302063","","","","0"
"2018","Quebec","2016A000224","Both sexes","All ages","Persons","249","units","0","v468243","6.1.1","8401738","","","","0"
"1990","Ontario","2016A000235","Both sexes","All ages","Persons","249","units","0","v468558","7.1.1","10295832","","","","0"
"1991","Ontario","2016A000235","Both sexes","All ages","Persons","249","units","0","v468558","7.1.1","10431316","","","","0"
"1992","Ontario","2016A000235","Both sexes","All ages","Persons","249","units","0","v468558","7.1.1","10572205","","","","0"
"1993","Ontario","2016A000235","Both sexes","All ages","Persons","249","units","0","v468558","7.1.1","10690038","","","","0"
"1994","Ontario","2016A000235","Both sexes","All ages","Persons","249","units","0","v468558","7.1.1","10819146","","","","0"
"1995","Ontario","2016A000235","Both sexes","All ages","Persons","249","units","0","v468558","7.1.1","10950119","","","","0"
"1996","Ontario","2016A000235","Both sexes","All ages","Persons","249","units","0","v468558","7.1.1","11082903","","","","0"
"1997","Ontario","2016A000235","Both sexes","All ages","Persons","249","units","0","v468558","7.1.1","11227651","","","","0"
"1998","Ontario","2016A000235","Both sexes","All ages","Persons","249","units","0","v468558","7.1.1","11365901","","","","0"
"1999","Ontario","2016A000235","Both sexes","All ages","Persons","249","units","0","v468558","7.1.1","11504759","","","","0"
"2000","Ontario","2016A000235","Both sexes","All ages","Persons","249","units","0","v468558","7.1.1","11683290","","","","0"
"2001","Ontario","2016A000235","Both sexes","All ages","Persons","249","units","0","v468558","7.1.1","11897534","","","","0"
"2002","Ontario","2016A000235","Both sexes","All ages","Persons","249","units","0","v468558","7.1.1","12094174","","","","0"
"2003","Ontario","2016A000235","Both sexes","All ages","Persons","249","units","0","v468558","7.1.1","12245039","","","","0"
"2004","Ontario","2016A000235","Both sexes","All ages","Persons","249","units","0","v468558","7.1.1","12391421","","","","0"
"2005","Ontario","2016A000235","Both sexes","All ages","Persons","249","units","0","v468558","7.1.1","12528663","","","","0"
"2006","Ontario","2016A000235","Both sexes","All ages","Persons","249","units","0","v468558","7.1.1","12661878","","","","0"
"2007","Ontario","2016A000235","Both sexes","All ages","Persons","249","units","0","v468558","7.1.1","12764806","","","","0"
"2008","Ontario","2016A000235","Both sexes","All ages","Persons","249","units","0","v468558","7.1.1","12883583","","","","0"
"2009","Ontario","2016A000235","Both sexes","All ages","Persons","249","units","0","v468558","7.1.1","12998345","","","","0"
"2010","Ontario","2016A000235","Both sexes","All ages","Persons","249","units","0","v468558","7.1.1","13135778","","","","0"
"2011","Ontario","2016A000235","Both sexes","All ages","Persons","249","units","0","v468558","7.1.1","13261381","","","","0"
"2012","Ontario","2016A000235","Both sexes","All ages","Persons","249","units","0","v468558","7.1.1","13390632","","","","0"
"2013","Ontario","2016A000235","Both sexes","All ages","Persons","249","units","0","v468558","7.1.1","13510781","","","","0"
"2014","Ontario","2016A000235","Both sexes","All ages","Persons","249","units","0","v468558","7.1.1","13617553","","","","0"
"2015","Ontario","2016A000235","Both sexes","All ages","Persons","249","units","0","v468558","7.1.1","13707118","","","","0"
"2016","Ontario","2016A000235","Both sexes","All ages","Persons","249","units","0","v468558","7.1.1","13875394","","","","0"
"2017","Ontario","2016A000235","Both sexes","All ages","Persons","249","units","0","v468558","7.1.1","14070141","","","","0"
"2018","Ontario","2016A000235","Both sexes","All ages","Persons","249","units","0","v468558","7.1.1","14308697","","","","0"
"1990","Manitoba","2016A000246","Both sexes","All ages","Persons","249","units","0","v468873","8.1.1","1105421","","","","0"
"1991","Manitoba","2016A000246","Both sexes","All ages","Persons","249","units","0","v468873","8.1.1","1109604","","","","0"
"1992","Manitoba","2016A000246","Both sexes","All ages","Persons","249","units","0","v468873","8.1.1","1112689","","","","0"
"1993","Manitoba","2016A000246","Both sexes","All ages","Persons","249","units","0","v468873","8.1.1","1117618","","","","0"
"1994","Manitoba","2016A000246","Both sexes","All ages","Persons","249","units","0","v468873","8.1.1","1123230","","","","0"
"1995","Manitoba","2016A000246","Both sexes","All ages","Persons","249","units","0","v468873","8.1.1","1129150","","","","0"
"1996","Manitoba","2016A000246","Both sexes","All ages","Persons","249","units","0","v468873","8.1.1","1134196","","","","0"
"1997","Manitoba","2016A000246","Both sexes","All ages","Persons","249","units","0","v468873","8.1.1","1136128","","","","0"
"1998","Manitoba","2016A000246","Both sexes","All ages","Persons","249","units","0","v468873","8.1.1","1137489","","","","0"
"1999","Manitoba","2016A000246","Both sexes","All ages","Persons","249","units","0","v468873","8.1.1","1142448","","","","0"
"2000","Manitoba","2016A000246","Both sexes","All ages","Persons","249","units","0","v468873","8.1.1","1147313","","","","0"
"2001","Manitoba","2016A000246","Both sexes","All ages","Persons","249","units","0","v468873","8.1.1","1151454","","","","0"
"2002","Manitoba","2016A000246","Both sexes","All ages","Persons","249","units","0","v468873","8.1.1","1156680","","","","0"
"2003","Manitoba","2016A000246","Both sexes","All ages","Persons","249","units","0","v468873","8.1.1","1163596","","","","0"
"2004","Manitoba","2016A000246","Both sexes","All ages","Persons","249","units","0","v468873","8.1.1","1173238","","","","0"
"2005","Manitoba","2016A000246","Both sexes","All ages","Persons","249","units","0","v468873","8.1.1","1178264","","","","0"
"2006","Manitoba","2016A000246","Both sexes","All ages","Persons","249","units","0","v468873","8.1.1","1183562","","","","0"
"2007","Manitoba","2016A000246","Both sexes","All ages","Persons","249","units","0","v468873","8.1.1","1189451","","","","0"
"2008","Manitoba","2016A000246","Both sexes","All ages","Persons","249","units","0","v468873","8.1.1","1197775","","","","0"
"2009","Manitoba","2016A000246","Both sexes","All ages","Persons","249","units","0","v468873","8.1.1","1208556","","","","0"
"2010","Manitoba","2016A000246","Both sexes","All ages","Persons","249","units","0","v468873","8.1.1","1220780","","","","0"
"2011","Manitoba","2016A000246","Both sexes","All ages","Persons","249","units","0","v468873","8.1.1","1233649","","","","0"
"2012","Manitoba","2016A000246","Both sexes","All ages","Persons","249","units","0","v468873","8.1.1","1249975","","","","0"
"2013","Manitoba","2016A000246","Both sexes","All ages","Persons","249","units","0","v468873","8.1.1","1264620","","","","0"
"2014","Manitoba","2016A000246","Both sexes","All ages","Persons","249","units","0","v468873","8.1.1","1279014","","","","0"
"2015","Manitoba","2016A000246","Both sexes","All ages","Persons","249","units","0","v468873","8.1.1","1292227","","","","0"
"2016","Manitoba","2016A000246","Both sexes","All ages","Persons","249","units","0","v468873","8.1.1","1314139","","","","0"
"2017","Manitoba","2016A000246","Both sexes","All ages","Persons","249","units","0","v468873","8.1.1","1334790","","","","0"
"2018","Manitoba","2016A000246","Both sexes","All ages","Persons","249","units","0","v468873","8.1.1","1352825","","","","0"
"1990","Saskatchewan","2016A000247","Both sexes","All ages","Persons","249","units","0","v469188","9.1.1","1007727","","","","0"
"1991","Saskatchewan","2016A000247","Both sexes","All ages","Persons","249","units","0","v469188","9.1.1","1002713","","","","0"
"1992","Saskatchewan","2016A000247","Both sexes","All ages","Persons","249","units","0","v469188","9.1.1","1003995","","","","0"
"1993","Saskatchewan","2016A000247","Both sexes","All ages","Persons","249","units","0","v469188","9.1.1","1006900","","","","0"
"1994","Saskatchewan","2016A000247","Both sexes","All ages","Persons","249","units","0","v469188","9.1.1","1009575","","","","0"
"1995","Saskatchewan","2016A000247","Both sexes","All ages","Persons","249","units","0","v469188","9.1.1","1014187","","","","0"
"1996","Saskatchewan","2016A000247","Both sexes","All ages","Persons","249","units","0","v469188","9.1.1","1018945","","","","0"
"1997","Saskatchewan","2016A000247","Both sexes","All ages","Persons","249","units","0","v469188","9.1.1","1017902","","","","0"
"1998","Saskatchewan","2016A000247","Both sexes","All ages","Persons","249","units","0","v469188","9.1.1","1017332","","","","0"
"1999","Saskatchewan","2016A000247","Both sexes","All ages","Persons","249","units","0","v469188","9.1.1","1014524","","","","0"
"2000","Saskatchewan","2016A000247","Both sexes","All ages","Persons","249","units","0","v469188","9.1.1","1007565","","","","0"
"2001","Saskatchewan","2016A000247","Both sexes","All ages","Persons","249","units","0","v469188","9.1.1","1000239","","","","0"
"2002","Saskatchewan","2016A000247","Both sexes","All ages","Persons","249","units","0","v469188","9.1.1","996807","","","","0"
"2003","Saskatchewan","2016A000247","Both sexes","All ages","Persons","249","units","0","v469188","9.1.1","996386","","","","0"
"2004","Saskatchewan","2016A000247","Both sexes","All ages","Persons","249","units","0","v469188","9.1.1","997283","","","","0"
"2005","Saskatchewan","2016A000247","Both sexes","All ages","Persons","249","units","0","v469188","9.1.1","993500","","","","0"
"2006","Saskatchewan","2016A000247","Both sexes","All ages","Persons","249","units","0","v469188","9.1.1","992314","","","","0"
"2007","Saskatchewan","2016A000247","Both sexes","All ages","Persons","249","units","0","v469188","9.1.1","1002086","","","","0"
"2008","Saskatchewan","2016A000247","Both sexes","All ages","Persons","249","units","0","v469188","9.1.1","1017404","","","","0"
"2009","Saskatchewan","2016A000247","Both sexes","All ages","Persons","249","units","0","v469188","9.1.1","1034819","","","","0"
"2010","Saskatchewan","2016A000247","Both sexes","All ages","Persons","249","units","0","v469188","9.1.1","1051443","","","","0"
"2011","Saskatchewan","2016A000247","Both sexes","All ages","Persons","249","units","0","v469188","9.1.1","1066026","","","","0"
"2012","Saskatchewan","2016A000247","Both sexes","All ages","Persons","249","units","0","v469188","9.1.1","1083755","","","","0"
"2013","Saskatchewan","2016A000247","Both sexes","All ages","Persons","249","units","0","v469188","9.1.1","1099736","","","","0"
"2014","Saskatchewan","2016A000247","Both sexes","All ages","Persons","249","units","0","v469188","9.1.1","1112979","","","","0"
"2015","Saskatchewan","2016A000247","Both sexes","All ages","Persons","249","units","0","v469188","9.1.1","1120967","","","","0"
"2016","Saskatchewan","2016A000247","Both sexes","All ages","Persons","249","units","0","v469188","9.1.1","1135987","","","","0"
"2017","Saskatchewan","2016A000247","Both sexes","All ages","Persons","249","units","0","v469188","9.1.1","1150331","","","","0"
"2018","Saskatchewan","2016A000247","Both sexes","All ages","Persons","249","units","0","v469188","9.1.1","1161767","","","","0"
"1990","Alberta","2016A000248","Both sexes","All ages","Persons","249","units","0","v469503","10.1.1","2547788","","","","0"
"1991","Alberta","2016A000248","Both sexes","All ages","Persons","249","units","0","v469503","10.1.1","2592306","","","","0"
"1992","Alberta","2016A000248","Both sexes","All ages","Persons","249","units","0","v469503","10.1.1","2632672","","","","0"
"1993","Alberta","2016A000248","Both sexes","All ages","Persons","249","units","0","v469503","10.1.1","2667292","","","","0"
"1994","Alberta","2016A000248","Both sexes","All ages","Persons","249","units","0","v469503","10.1.1","2700606","","","","0"
"1995","Alberta","2016A000248","Both sexes","All ages","Persons","249","units","0","v469503","10.1.1","2734519","","","","0"
"1996","Alberta","2016A000248","Both sexes","All ages","Persons","249","units","0","v469503","10.1.1","2775133","","","","0"
"1997","Alberta","2016A000248","Both sexes","All ages","Persons","249","units","0","v469503","10.1.1","2829848","","","","0"
"1998","Alberta","2016A000248","Both sexes","All ages","Persons","249","units","0","v469503","10.1.1","2899066","","","","0"
"1999","Alberta","2016A000248","Both sexes","All ages","Persons","249","units","0","v469503","10.1.1","2952692","","","","0"
"2000","Alberta","2016A000248","Both sexes","All ages","Persons","249","units","0","v469503","10.1.1","3004198","","","","0"
"2001","Alberta","2016A000248","Both sexes","All ages","Persons","249","units","0","v469503","10.1.1","3058108","","","","0"
"2002","Alberta","2016A000248","Both sexes","All ages","Persons","249","units","0","v469503","10.1.1","3128429","","","","0"
"2003","Alberta","2016A000248","Both sexes","All ages","Persons","249","units","0","v469503","10.1.1","3183065","","","","0"
"2004","Alberta","2016A000248","Both sexes","All ages","Persons","249","units","0","v469503","10.1.1","3238668","","","","0"
"2005","Alberta","2016A000248","Both sexes","All ages","Persons","249","units","0","v469503","10.1.1","3321768","","","","0"
"2006","Alberta","2016A000248","Both sexes","All ages","Persons","249","units","0","v469503","10.1.1","3421434","","","","0"
"2007","Alberta","2016A000248","Both sexes","All ages","Persons","249","units","0","v469503","10.1.1","3514147","","","","0"
"2008","Alberta","2016A000248","Both sexes","All ages","Persons","249","units","0","v469503","10.1.1","3595856","","","","0"
"2009","Alberta","2016A000248","Both sexes","All ages","Persons","249","units","0","v469503","10.1.1","3678996","","","","0"
"2010","Alberta","2016A000248","Both sexes","All ages","Persons","249","units","0","v469503","10.1.1","3732082","","","","0"
"2011","Alberta","2016A000248","Both sexes","All ages","Persons","249","units","0","v469503","10.1.1","3789030","","","","0"
"2012","Alberta","2016A000248","Both sexes","All ages","Persons","249","units","0","v469503","10.1.1","3874548","","","","0"
"2013","Alberta","2016A000248","Both sexes","All ages","Persons","249","units","0","v469503","10.1.1","3981011","","","","0"
"2014","Alberta","2016A000248","Both sexes","All ages","Persons","249","units","0","v469503","10.1.1","4083648","","","","0"
"2015","Alberta","2016A000248","Both sexes","All ages","Persons","249","units","0","v469503","10.1.1","4144491","","","","0"
"2016","Alberta","2016A000248","Both sexes","All ages","Persons","249","units","0","v469503","10.1.1","4196061","","","","0"
"2017","Alberta","2016A000248","Both sexes","All ages","Persons","249","units","0","v469503","10.1.1","4241100","","","","0"
"2018","Alberta","2016A000248","Both sexes","All ages","Persons","249","units","0","v469503","10.1.1","4298275","","","","0"
"1990","British Columbia","2016A000259","Both sexes","All ages","Persons","249","units","0","v469818","11.1.1","3292111","","","","0"
"1991","British Columbia","2016A000259","Both sexes","All ages","Persons","249","units","0","v469818","11.1.1","3373787","","","","0"
"1992","British Columbia","2016A000259","Both sexes","All ages","Persons","249","units","0","v469818","11.1.1","3468802","","","","0"
"1993","British Columbia","2016A000259","Both sexes","All ages","Persons","249","units","0","v469818","11.1.1","3567772","","","","0"
"1994","British Columbia","2016A000259","Both sexes","All ages","Persons","249","units","0","v469818","11.1.1","3676075","","","","0"
"1995","British Columbia","2016A000259","Both sexes","All ages","Persons","249","units","0","v469818","11.1.1","3777390","","","","0"
"1996","British Columbia","2016A000259","Both sexes","All ages","Persons","249","units","0","v469818","11.1.1","3874317","","","","0"
"1997","British Columbia","2016A000259","Both sexes","All ages","Persons","249","units","0","v469818","11.1.1","3948583","","","","0"
"1998","British Columbia","2016A000259","Both sexes","All ages","Persons","249","units","0","v469818","11.1.1","3983113","","","","0"
"1999","British Columbia","2016A000259","Both sexes","All ages","Persons","249","units","0","v469818","11.1.1","4011375","","","","0"
"2000","British Columbia","2016A000259","Both sexes","All ages","Persons","249","units","0","v469818","11.1.1","4039230","","","","0"
"2001","British Columbia","2016A000259","Both sexes","All ages","Persons","249","units","0","v469818","11.1.1","4076950","","","","0"
"2002","British Columbia","2016A000259","Both sexes","All ages","Persons","249","units","0","v469818","11.1.1","4100564","","","","0"
"2003","British Columbia","2016A000259","Both sexes","All ages","Persons","249","units","0","v469818","11.1.1","4124482","","","","0"
"2004","British Columbia","2016A000259","Both sexes","All ages","Persons","249","units","0","v469818","11.1.1","4155651","","","","0"
"2005","British Columbia","2016A000259","Both sexes","All ages","Persons","249","units","0","v469818","11.1.1","4196062","","","","0"
"2006","British Columbia","2016A000259","Both sexes","All ages","Persons","249","units","0","v469818","11.1.1","4241794","","","","0"
"2007","British Columbia","2016A000259","Both sexes","All ages","Persons","249","units","0","v469818","11.1.1","4290984","","","","0"
"2008","British Columbia","2016A000259","Both sexes","All ages","Persons","249","units","0","v469818","11.1.1","4349336","","","","0"
"2009","British Columbia","2016A000259","Both sexes","All ages","Persons","249","units","0","v469818","11.1.1","4410506","","","","0"
"2010","British Columbia","2016A000259","Both sexes","All ages","Persons","249","units","0","v469818","11.1.1","4465546","","","","0"
"2011","British Columbia","2016A000259","Both sexes","All ages","Persons","249","units","0","v469818","11.1.1","4502104","","","","0"
"2012","British Columbia","2016A000259","Both sexes","All ages","Persons","249","units","0","v469818","11.1.1","4566769","","","","0"
"2013","British Columbia","2016A000259","Both sexes","All ages","Persons","249","units","0","v469818","11.1.1","4630077","","","","0"
"2014","British Columbia","2016A000259","Both sexes","All ages","Persons","249","units","0","v469818","11.1.1","4707103","","","","0"
"2015","British Columbia","2016A000259","Both sexes","All ages","Persons","249","units","0","v469818","11.1.1","4776388","","","","0"
"2016","British Columbia","2016A000259","Both sexes","All ages","Persons","249","units","0","v469818","11.1.1","4859250","","","","0"
"2017","British Columbia","2016A000259","Both sexes","All ages","Persons","249","units","0","v469818","11.1.1","4929384","","","","0"
"2018","British Columbia","2016A000259","Both sexes","All ages","Persons","249","units","0","v469818","11.1.1","5010476","","","","0"
"1990","Yukon","2016A000260","Both sexes","All ages","Persons","249","units","0","v470133","12.1.1","27957","","","","0"
"1991","Yukon","2016A000260","Both sexes","All ages","Persons","249","units","0","v470133","12.1.1","28871","","","","0"
"1992","Yukon","2016A000260","Both sexes","All ages","Persons","249","units","0","v470133","12.1.1","30084","","","","0"
"1993","Yukon","2016A000260","Both sexes","All ages","Persons","249","units","0","v470133","12.1.1","30337","","","","0"
"1994","Yukon","2016A000260","Both sexes","All ages","Persons","249","units","0","v470133","12.1.1","29684","","","","0"
"1995","Yukon","2016A000260","Both sexes","All ages","Persons","249","units","0","v470133","12.1.1","30442","","","","0"
"1996","Yukon","2016A000260","Both sexes","All ages","Persons","249","units","0","v470133","12.1.1","31387","","","","0"
"1997","Yukon","2016A000260","Both sexes","All ages","Persons","249","units","0","v470133","12.1.1","31797","","","","0"
"1998","Yukon","2016A000260","Both sexes","All ages","Persons","249","units","0","v470133","12.1.1","31149","","","","0"
"1999","Yukon","2016A000260","Both sexes","All ages","Persons","249","units","0","v470133","12.1.1","30785","","","","0"
"2000","Yukon","2016A000260","Both sexes","All ages","Persons","249","units","0","v470133","12.1.1","30431","","","","0"
"2001","Yukon","2016A000260","Both sexes","All ages","Persons","249","units","0","v470133","12.1.1","30158","","","","0"
"2002","Yukon","2016A000260","Both sexes","All ages","Persons","249","units","0","v470133","12.1.1","30336","","","","0"
"2003","Yukon","2016A000260","Both sexes","All ages","Persons","249","units","0","v470133","12.1.1","30941","","","","0"
"2004","Yukon","2016A000260","Both sexes","All ages","Persons","249","units","0","v470133","12.1.1","31455","","","","0"
"2005","Yukon","2016A000260","Both sexes","All ages","Persons","249","units","0","v470133","12.1.1","31902","","","","0"
"2006","Yukon","2016A000260","Both sexes","All ages","Persons","249","units","0","v470133","12.1.1","32272","","","","0"
"2007","Yukon","2016A000260","Both sexes","All ages","Persons","249","units","0","v470133","12.1.1","32554","","","","0"
"2008","Yukon","2016A000260","Both sexes","All ages","Persons","249","units","0","v470133","12.1.1","33083","","","","0"
"2009","Yukon","2016A000260","Both sexes","All ages","Persons","249","units","0","v470133","12.1.1","33731","","","","0"
"2010","Yukon","2016A000260","Both sexes","All ages","Persons","249","units","0","v470133","12.1.1","34596","","","","0"
"2011","Yukon","2016A000260","Both sexes","All ages","Persons","249","units","0","v470133","12.1.1","35411","","","","0"
"2012","Yukon","2016A000260","Both sexes","All ages","Persons","249","units","0","v470133","12.1.1","36234","","","","0"
"2013","Yukon","2016A000260","Both sexes","All ages","Persons","249","units","0","v470133","12.1.1","36521","","","","0"
"2014","Yukon","2016A000260","Both sexes","All ages","Persons","249","units","0","v470133","12.1.1","37137","","","","0"
"2015","Yukon","2016A000260","Both sexes","All ages","Persons","249","units","0","v470133","12.1.1","37690","","","","0"
"2016","Yukon","2016A000260","Both sexes","All ages","Persons","249","units","0","v470133","12.1.1","38547","","","","0"
"2017","Yukon","2016A000260","Both sexes","All ages","Persons","249","units","0","v470133","12.1.1","39669","","","","0"
"2018","Yukon","2016A000260","Both sexes","All ages","Persons","249","units","0","v470133","12.1.1","40613","","","","0"
"1990","Northwest Territories including Nunavut","","Both sexes","All ages","Persons","249","units","0","v470448","13.1.1","58937","","","t","0"
"1991","Northwest Territories","2016A000261","Both sexes","All ages","Persons","249","units","0","v479937","14.1.1","38724","","","","0"
"1992","Northwest Territories","2016A000261","Both sexes","All ages","Persons","249","units","0","v479937","14.1.1","39416","","","","0"
"1993","Northwest Territories","2016A000261","Both sexes","All ages","Persons","249","units","0","v479937","14.1.1","39820","","","","0"
"1994","Northwest Territories","2016A000261","Both sexes","All ages","Persons","249","units","0","v479937","14.1.1","40578","","","","0"
"1995","Northwest Territories","2016A000261","Both sexes","All ages","Persons","249","units","0","v479937","14.1.1","41432","","","","0"
"1996","Northwest Territories","2016A000261","Both sexes","All ages","Persons","249","units","0","v479937","14.1.1","41741","","","","0"
"1997","Northwest Territories","2016A000261","Both sexes","All ages","Persons","249","units","0","v479937","14.1.1","41625","","","","0"
"1998","Northwest Territories","2016A000261","Both sexes","All ages","Persons","249","units","0","v479937","14.1.1","40802","","","","0"
"1999","Northwest Territories","2016A000261","Both sexes","All ages","Persons","249","units","0","v479937","14.1.1","40638","","","","0"
"2000","Northwest Territories","2016A000261","Both sexes","All ages","Persons","249","units","0","v479937","14.1.1","40480","","","","0"
"2001","Northwest Territories","2016A000261","Both sexes","All ages","Persons","249","units","0","v479937","14.1.1","40845","","","","0"
"2002","Northwest Territories","2016A000261","Both sexes","All ages","Persons","249","units","0","v479937","14.1.1","41699","","","","0"
"2003","Northwest Territories","2016A000261","Both sexes","All ages","Persons","249","units","0","v479937","14.1.1","42600","","","","0"
"2004","Northwest Territories","2016A000261","Both sexes","All ages","Persons","249","units","0","v479937","14.1.1","43306","","","","0"
"2005","Northwest Territories","2016A000261","Both sexes","All ages","Persons","249","units","0","v479937","14.1.1","43400","","","","0"
"2006","Northwest Territories","2016A000261","Both sexes","All ages","Persons","249","units","0","v479937","14.1.1","43179","","","","0"
"2007","Northwest Territories","2016A000261","Both sexes","All ages","Persons","249","units","0","v479937","14.1.1","43372","","","","0"
"2008","Northwest Territories","2016A000261","Both sexes","All ages","Persons","249","units","0","v479937","14.1.1","43360","","","","0"
"2009","Northwest Territories","2016A000261","Both sexes","All ages","Persons","249","units","0","v479937","14.1.1","43156","","","","0"
"2010","Northwest Territories","2016A000261","Both sexes","All ages","Persons","249","units","0","v479937","14.1.1","43285","","","","0"
"2011","Northwest Territories","2016A000261","Both sexes","All ages","Persons","249","units","0","v479937","14.1.1","43504","","","","0"
"2012","Northwest Territories","2016A000261","Both sexes","All ages","Persons","249","units","0","v479937","14.1.1","43648","","","","0"
"2013","Northwest Territories","2016A000261","Both sexes","All ages","Persons","249","units","0","v479937","14.1.1","43805","","","","0"
"2014","Northwest Territories","2016A000261","Both sexes","All ages","Persons","249","units","0","v479937","14.1.1","43884","","","","0"
"2015","Northwest Territories","2016A000261","Both sexes","All ages","Persons","249","units","0","v479937","14.1.1","44237","","","","0"
"2016","Northwest Territories","2016A000261","Both sexes","All ages","Persons","249","units","0","v479937","14.1.1","44649","","","","0"
"2017","Northwest Territories","2016A000261","Both sexes","All ages","Persons","249","units","0","v479937","14.1.1","44891","","","","0"
"2018","Northwest Territories","2016A000261","Both sexes","All ages","Persons","249","units","0","v479937","14.1.1","44981","","","","0"
"1991","Nunavut","2016A000262","Both sexes","All ages","Persons","249","units","0","v480252","15.1.1","22154","","","","0"
"1992","Nunavut","2016A000262","Both sexes","All ages","Persons","249","units","0","v480252","15.1.1","22883","","","","0"
"1993","Nunavut","2016A000262","Both sexes","All ages","Persons","249","units","0","v480252","15.1.1","23559","","","","0"
"1994","Nunavut","2016A000262","Both sexes","All ages","Persons","249","units","0","v480252","15.1.1","24407","","","","0"
"1995","Nunavut","2016A000262","Both sexes","All ages","Persons","249","units","0","v480252","15.1.1","24978","","","","0"
"1996","Nunavut","2016A000262","Both sexes","All ages","Persons","249","units","0","v480252","15.1.1","25669","","","","0"
"1997","Nunavut","2016A000262","Both sexes","All ages","Persons","249","units","0","v480252","15.1.1","25884","","","","0"
"1998","Nunavut","2016A000262","Both sexes","All ages","Persons","249","units","0","v480252","15.1.1","26373","","","","0"
"1999","Nunavut","2016A000262","Both sexes","All ages","Persons","249","units","0","v480252","15.1.1","26820","","","","0"
"2000","Nunavut","2016A000262","Both sexes","All ages","Persons","249","units","0","v480252","15.1.1","27498","","","","0"
"2001","Nunavut","2016A000262","Both sexes","All ages","Persons","249","units","0","v480252","15.1.1","28133","","","","0"
"2002","Nunavut","2016A000262","Both sexes","All ages","Persons","249","units","0","v480252","15.1.1","28822","","","","0"
"2003","Nunavut","2016A000262","Both sexes","All ages","Persons","249","units","0","v480252","15.1.1","29322","","","","0"
"2004","Nunavut","2016A000262","Both sexes","All ages","Persons","249","units","0","v480252","15.1.1","29857","","","","0"
"2005","Nunavut","2016A000262","Both sexes","All ages","Persons","249","units","0","v480252","15.1.1","30339","","","","0"
"2006","Nunavut","2016A000262","Both sexes","All ages","Persons","249","units","0","v480252","15.1.1","30813","","","","0"
"2007","Nunavut","2016A000262","Both sexes","All ages","Persons","249","units","0","v480252","15.1.1","31395","","","","0"
"2008","Nunavut","2016A000262","Both sexes","All ages","Persons","249","units","0","v480252","15.1.1","31892","","","","0"
"2009","Nunavut","2016A000262","Both sexes","All ages","Persons","249","units","0","v480252","15.1.1","32597","","","","0"
"2010","Nunavut","2016A000262","Both sexes","All ages","Persons","249","units","0","v480252","15.1.1","33352","","","","0"
"2011","Nunavut","2016A000262","Both sexes","All ages","Persons","249","units","0","v480252","15.1.1","34192","","","","0"
"2012","Nunavut","2016A000262","Both sexes","All ages","Persons","249","units","0","v480252","15.1.1","34672","","","","0"
"2013","Nunavut","2016A000262","Both sexes","All ages","Persons","249","units","0","v480252","15.1.1","35337","","","","0"
"2014","Nunavut","2016A000262","Both sexes","All ages","Persons","249","units","0","v480252","15.1.1","35971","","","","0"
"2015","Nunavut","2016A000262","Both sexes","All ages","Persons","249","units","0","v480252","15.1.1","36488","","","","0"
"2016","Nunavut","2016A000262","Both sexes","All ages","Persons","249","units","0","v480252","15.1.1","36975","","","","0"
"2017","Nunavut","2016A000262","Both sexes","All ages","Persons","249","units","0","v480252","15.1.1","37546","","","","0"
"2018","Nunavut","2016A000262","Both sexes","All ages","Persons","249","units","0","v480252","15.1.1","38143","","","","0"


